"","GISJOIN","FIPS","ADI_NATRANK","ADI_STATERNK"
"1","G04000109426001","040019426001","100","10"
"2","G04000109426002","040019426002","100","10"
"3","G04000109427001","040019427001","98","10"
"4","G04000109427002","040019427002","100","10"
"5","G04000109427003","040019427003","98","10"
"6","G04000109427004","040019427004","100","10"
"7","G04000109440001","040019440001","99","10"
"8","G04000109440002","040019440002","99","10"
"9","G04000109440003","040019440003","99","10"
"10","G04000109441001","040019441001","100","10"
"11","G04000109441002","040019441002","100","10"
"12","G04000109441003","040019441003","100","10"
"13","G04000109441004","040019441004","100","10"
"14","G04000109441005","040019441005","100","10"
"15","G04000109442011","040019442011","100","10"
"16","G04000109442012","040019442012","100","10"
"17","G04000109442021","040019442021","100","10"
"18","G04000109442022","040019442022","100","10"
"19","G04000109442023","040019442023","100","10"
"20","G04000109443011","040019443011","100","10"
"21","G04000109443012","040019443012","100","10"
"22","G04000109443013","040019443013","100","10"
"23","G04000109443021","040019443021","100","10"
"24","G04000109443022","040019443022","100","10"
"25","G04000109449011","040019449011","100","10"
"26","G04000109449012","040019449012","100","10"
"27","G04000109449013","040019449013","100","10"
"28","G04000109449014","040019449014","100","10"
"29","G04000109449021","040019449021","100","10"
"30","G04000109449022","040019449022","100","10"
"31","G04000109449023","040019449023","100","10"
"32","G04000109449024","040019449024","100","10"
"33","G04000109450011","040019450011","95","10"
"34","G04000109450012","040019450012","88","10"
"35","G04000109450013","040019450013","99","10"
"36","G04000109450014","040019450014","93","10"
"37","G04000109450021","040019450021","100","10"
"38","G04000109450022","040019450022","100","10"
"39","G04000109450023","040019450023","100","10"
"40","G04000109451001","040019451001","98","10"
"41","G04000109451002","040019451002","98","10"
"42","G04000109702011","040019702011","73","9"
"43","G04000109702012","040019702012","50","7"
"44","G04000109702021","040019702021","93","10"
"45","G04000109702022","040019702022","98","10"
"46","G04000109702023","040019702023","97","10"
"47","G04000109703001","040019703001","72","9"
"48","G04000109703002","040019703002","72","9"
"49","G04000109703003","040019703003","72","9"
"50","G04000109705011","040019705011","61","8"
"51","G04000109705012","040019705012","46","6"
"52","G04000109705013","040019705013","74","9"
"53","G04000109705014","040019705014","65","8"
"54","G04000109705021","040019705021","54","7"
"55","G04000109705022","040019705022","51","7"
"56","G04000109705023","040019705023","58","8"
"57","G04000300001011","040030001011","97","10"
"58","G04000300001021","040030001021","95","10"
"59","G04000300002011","040030002011","77","9"
"60","G04000300002012","040030002012","77","9"
"61","G04000300002021","040030002021","88","10"
"62","G04000300002022","040030002022","93","10"
"63","G04000300002023","040030002023","89","10"
"64","G04000300002024","040030002024","86","10"
"65","G04000300002031","040030002031","51","7"
"66","G04000300002032","040030002032","69","9"
"67","G04000300002033","040030002033","81","9"
"68","G04000300003011","040030003011","89","10"
"69","G04000300003012","040030003012","84","10"
"70","G04000300003013","040030003013","87","10"
"71","G04000300003014","040030003014","95","10"
"72","G04000300003031","040030003031","72","9"
"73","G04000300003032","040030003032","68","9"
"74","G04000300003033","040030003033","81","9"
"75","G04000300003041","040030003041","53","7"
"76","G04000300003042","040030003042","87","10"
"77","G04000300003051","040030003051","59","8"
"78","G04000300003052","040030003052","59","8"
"79","G04000300003053","040030003053","59","8"
"80","G04000300004001","040030004001","72","9"
"81","G04000300004002","040030004002","79","9"
"82","G04000300005011","040030005011","69","9"
"83","G04000300005012","040030005012","78","9"
"84","G04000300005021","040030005021","87","10"
"85","G04000300005031","040030005031","GQ","GQ"
"86","G04000300006001","040030006001","91","10"
"87","G04000300006002","040030006002","93","10"
"88","G04000300007001","040030007001","74","9"
"89","G04000300007002","040030007002","99","10"
"90","G04000300007003","040030007003","80","9"
"91","G04000300007004","040030007004","79","9"
"92","G04000300008001","040030008001","90","10"
"93","G04000300008002","040030008002","89","10"
"94","G04000300008003","040030008003","91","10"
"95","G04000300008004","040030008004","90","10"
"96","G04000300009011","040030009011","87","10"
"97","G04000300009012","040030009012","87","10"
"98","G04000300009013","040030009013","87","10"
"99","G04000300009014","040030009014","87","10"
"100","G04000300009021","040030009021","95","10"
"101","G04000300009022","040030009022","95","10"
"102","G04000300009023","040030009023","88","10"
"103","G04000300010001","040030010001","53","7"
"104","G04000300010002","040030010002","53","7"
"105","G04000300011001","040030011001","78","9"
"106","G04000300011002","040030011002","93","10"
"107","G04000300011003","040030011003","90","10"
"108","G04000300012001","040030012001","68","9"
"109","G04000300012002","040030012002","77","9"
"110","G04000300012003","040030012003","96","10"
"111","G04000300013011","040030013011","74","9"
"112","G04000300013012","040030013012","70","9"
"113","G04000300013021","040030013021","75","9"
"114","G04000300013022","040030013022","92","10"
"115","G04000300013023","040030013023","80","9"
"116","G04000300014011","040030014011","GQ","GQ"
"117","G04000300014012","040030014012","65","8"
"118","G04000300014013","040030014013","PH","PH"
"119","G04000300014021","040030014021","GQ","GQ"
"120","G04000300015011","040030015011","89","10"
"121","G04000300015012","040030015012","100","10"
"122","G04000300015013","040030015013","62","8"
"123","G04000300015021","040030015021","78","9"
"124","G04000300015022","040030015022","91","10"
"125","G04000300015023","040030015023","87","10"
"126","G04000300016011","040030016011","65","8"
"127","G04000300016012","040030016012","65","8"
"128","G04000300016013","040030016013","56","7"
"129","G04000300016021","040030016021","71","9"
"130","G04000300016022","040030016022","85","10"
"131","G04000300017011","040030017011","72","9"
"132","G04000300017012","040030017012","65","8"
"133","G04000300017013","040030017013","57","7"
"134","G04000300017014","040030017014","65","8"
"135","G04000300017021","040030017021","50","7"
"136","G04000300017022","040030017022","68","9"
"137","G04000300017023","040030017023","81","9"
"138","G04000300017031","040030017031","96","10"
"139","G04000300017032","040030017032","59","8"
"140","G04000300017033","040030017033","42","5"
"141","G04000300018011","040030018011","49","6"
"142","G04000300018012","040030018012","48","6"
"143","G04000300018013","040030018013","47","6"
"144","G04000300018014","040030018014","39","5"
"145","G04000300018021","040030018021","56","7"
"146","G04000300018022","040030018022","39","5"
"147","G04000300019001","040030019001","41","5"
"148","G04000300019002","040030019002","32","4"
"149","G04000300019003","040030019003","26","3"
"150","G04000300019004","040030019004","38","5"
"151","G04000300020011","040030020011","82","9"
"152","G04000300020012","040030020012","74","9"
"153","G04000300020013","040030020013","73","9"
"154","G04000300020014","040030020014","74","9"
"155","G04000300020021","040030020021","68","9"
"156","G04000300020022","040030020022","65","8"
"157","G04000300020023","040030020023","65","8"
"158","G04000300021001","040030021001","52","7"
"159","G04000300021002","040030021002","46","6"
"160","G04000300021003","040030021003","38","5"
"161","G04000300021004","040030021004","60","8"
"162","G04000500001001","040050001001","23","2"
"163","G04000500001002","040050001002","18","2"
"164","G04000500002001","040050002001","21","2"
"165","G04000500002002","040050002002","15","1"
"166","G04000500003011","040050003011","26","3"
"167","G04000500003012","040050003012","26","3"
"168","G04000500003013","040050003013","26","3"
"169","G04000500003021","040050003021","60","8"
"170","G04000500003022","040050003022","42","5"
"171","G04000500004001","040050004001","19","2"
"172","G04000500004002","040050004002","34","4"
"173","G04000500004003","040050004003","39","5"
"174","G04000500004004","040050004004","31","4"
"175","G04000500004005","040050004005","38","5"
"176","G04000500005001","040050005001","49","6"
"177","G04000500005002","040050005002","54","7"
"178","G04000500005003","040050005003","60","8"
"179","G04000500005004","040050005004","62","8"
"180","G04000500005005","040050005005","46","6"
"181","G04000500006011","040050006011","18","2"
"182","G04000500006012","040050006012","18","2"
"183","G04000500006021","040050006021","20","2"
"184","G04000500006022","040050006022","21","2"
"185","G04000500007001","040050007001","26","3"
"186","G04000500007002","040050007002","22","2"
"187","G04000500007003","040050007003","27","3"
"188","G04000500008001","040050008001","24","2"
"189","G04000500008002","040050008002","24","2"
"190","G04000500008003","040050008003","24","2"
"191","G04000500008004","040050008004","24","2"
"192","G04000500008005","040050008005","GQ","GQ"
"193","G04000500009011","040050009011","16","2"
"194","G04000500009012","040050009012","13","1"
"195","G04000500009021","040050009021","5","1"
"196","G04000500009022","040050009022","33","4"
"197","G04000500009023","040050009023","18","2"
"198","G04000500010001","040050010001","GQ","GQ"
"199","G04000500010002","040050010002","GQ","GQ"
"200","G04000500010003","040050010003","GQ","GQ"
"201","G04000500011011","040050011011","19","2"
"202","G04000500011012","040050011012","24","2"
"203","G04000500011013","040050011013","22","2"
"204","G04000500011031","040050011031","41","5"
"205","G04000500011032","040050011032","41","5"
"206","G04000500011033","040050011033","47","6"
"207","G04000500011041","040050011041","21","2"
"208","G04000500011042","040050011042","24","2"
"209","G04000500011043","040050011043","14","1"
"210","G04000500011044","040050011044","23","2"
"211","G04000500012011","040050012011","17","2"
"212","G04000500012012","040050012012","17","2"
"213","G04000500013011","040050013011","20","2"
"214","G04000500013012","040050013012","17","2"
"215","G04000500013013","040050013013","17","2"
"216","G04000500013021","040050013021","24","2"
"217","G04000500013022","040050013022","23","2"
"218","G04000500013023","040050013023","23","2"
"219","G04000500015001","040050015001","32","4"
"220","G04000500015002","040050015002","35","4"
"221","G04000500015003","040050015003","42","5"
"222","G04000500015004","040050015004","33","4"
"223","G04000500016011","040050016011","9","1"
"224","G04000500016012","040050016012","9","1"
"225","G04000500016021","040050016021","21","2"
"226","G04000500016022","040050016022","21","2"
"227","G04000500017001","040050017001","22","2"
"228","G04000500017002","040050017002","52","7"
"229","G04000500017003","040050017003","59","8"
"230","G04000500017004","040050017004","36","4"
"231","G04000500020001","040050020001","56","7"
"232","G04000500020002","040050020002","56","7"
"233","G04000500021011","040050021011","33","4"
"234","G04000500021012","040050021012","33","4"
"235","G04000500021013","040050021013","33","4"
"236","G04000500021014","040050021014","33","4"
"237","G04000500021021","040050021021","43","5"
"238","G04000500021022","040050021022","56","7"
"239","G04000500021023","040050021023","44","6"
"240","G04000500022011","040050022011","16","2"
"241","G04000500022012","040050022012","16","2"
"242","G04000500022013","040050022013","16","2"
"243","G04000500022014","040050022014","16","2"
"244","G04000500022021","040050022021","29","3"
"245","G04000500022022","040050022022","26","3"
"246","G04000500022023","040050022023","PH","PH"
"247","G04000500022024","040050022024","42","5"
"248","G04000500023011","040050023011","73","9"
"249","G04000500023012","040050023012","79","9"
"250","G04000500023013","040050023013","76","9"
"251","G04000500023021","040050023021","21","2"
"252","G04000500023022","040050023022","44","6"
"253","G04000500023023","040050023023","29","3"
"254","G04000509422011","040059422011","91","10"
"255","G04000509422012","040059422012","92","10"
"256","G04000509422013","040059422013","97","10"
"257","G04000509422021","040059422021","99","10"
"258","G04000509422022","040059422022","99","10"
"259","G04000509422023","040059422023","100","10"
"260","G04000509449001","040059449001","83","9"
"261","G04000509449002","040059449002","94","10"
"262","G04000509449003","040059449003","88","10"
"263","G04000509450001","040059450001","99","10"
"264","G04000509450002","040059450002","100","10"
"265","G04000509450003","040059450003","99","10"
"266","G04000509451001","040059451001","97","10"
"267","G04000509451002","040059451002","98","10"
"268","G04000509451003","040059451003","97","10"
"269","G04000509451004","040059451004","99","10"
"270","G04000509452001","040059452001","98","10"
"271","G04000509452002","040059452002","97","10"
"272","G04000509452003","040059452003","100","10"
"273","G04000509800001","040059800001","GQ-PH","GQ-PH"
"274","G04000509801001","040059801001","PH","PH"
"275","G04000509802001","040059802001","PH","PH"
"276","G04000700001001","040070001001","38","5"
"277","G04000700001002","040070001002","39","5"
"278","G04000700001003","040070001003","52","7"
"279","G04000700001004","040070001004","44","6"
"280","G04000700002001","040070002001","51","7"
"281","G04000700002002","040070002002","48","6"
"282","G04000700002003","040070002003","59","8"
"283","G04000700003011","040070003011","33","4"
"284","G04000700003012","040070003012","44","6"
"285","G04000700003013","040070003013","64","8"
"286","G04000700003021","040070003021","39","5"
"287","G04000700003022","040070003022","45","6"
"288","G04000700003023","040070003023","49","6"
"289","G04000700004001","040070004001","53","7"
"290","G04000700004002","040070004002","54","7"
"291","G04000700004003","040070004003","30","3"
"292","G04000700005001","040070005001","55","7"
"293","G04000700005002","040070005002","50","7"
"294","G04000700006001","040070006001","79","9"
"295","G04000700006002","040070006002","64","8"
"296","G04000700007001","040070007001","61","8"
"297","G04000700008001","040070008001","76","9"
"298","G04000700008002","040070008002","76","9"
"299","G04000700009001","040070009001","96","10"
"300","G04000700009002","040070009002","90","10"
"301","G04000700010001","040070010001","83","9"
"302","G04000700010002","040070010002","83","9"
"303","G04000700010003","040070010003","83","9"
"304","G04000700010004","040070010004","83","9"
"305","G04000700010005","040070010005","83","9"
"306","G04000700011001","040070011001","68","9"
"307","G04000700011002","040070011002","76","9"
"308","G04000700011003","040070011003","80","9"
"309","G04000700011004","040070011004","83","10"
"310","G04000700011005","040070011005","83","10"
"311","G04000700012001","040070012001","46","6"
"312","G04000700012002","040070012002","63","8"
"313","G04000700012003","040070012003","70","9"
"314","G04000700013001","040070013001","100","10"
"315","G04000700013002","040070013002","100","10"
"316","G04000709402001","040079402001","99","10"
"317","G04000709404001","040079404001","96","10"
"318","G04000709404002","040079404002","96","10"
"319","G04000709404003","040079404003","97","10"
"320","G04000709404004","040079404004","95","10"
"321","G04000909405001","040099405001","100","10"
"322","G04000909405002","040099405002","100","10"
"323","G04000909405003","040099405003","100","10"
"324","G04000909611001","040099611001","50","7"
"325","G04000909611002","040099611002","58","8"
"326","G04000909611003","040099611003","53","7"
"327","G04000909612011","040099612011","35","4"
"328","G04000909612012","040099612012","41","5"
"329","G04000909612013","040099612013","49","6"
"330","G04000909612021","040099612021","51","7"
"331","G04000909612022","040099612022","44","6"
"332","G04000909612023","040099612023","84","10"
"333","G04000909613001","040099613001","78","9"
"334","G04000909613002","040099613002","77","9"
"335","G04000909613003","040099613003","75","9"
"336","G04000909613004","040099613004","73","9"
"337","G04000909614001","040099614001","65","8"
"338","G04000909614002","040099614002","80","9"
"339","G04000909614003","040099614003","71","9"
"340","G04000909614004","040099614004","65","8"
"341","G04000909615001","040099615001","62","8"
"342","G04000909615002","040099615002","58","8"
"343","G04000909615003","040099615003","73","9"
"344","G04000909616001","040099616001","57","7"
"345","G04000909616002","040099616002","GQ-PH","GQ-PH"
"346","G04000909616003","040099616003","GQ-PH","GQ-PH"
"347","G04000909617001","040099617001","GQ","GQ"
"348","G04000909617002","040099617002","70","9"
"349","G04000909617003","040099617003","61","8"
"350","G04000909617004","040099617004","89","10"
"351","G04001109601001","040119601001","71","9"
"352","G04001109601002","040119601002","90","10"
"353","G04001109602001","040119602001","77","9"
"354","G04001109602002","040119602002","77","9"
"355","G04001109602003","040119602003","79","9"
"356","G04001109603001","040119603001","75","9"
"357","G04001109603002","040119603002","78","9"
"358","G04001109603003","040119603003","87","10"
"359","G04001200201011","040120201011","93","10"
"360","G04001200201012","040120201012","88","10"
"361","G04001200201021","040120201021","90","10"
"362","G04001200201022","040120201022","90","10"
"363","G04001200202011","040120202011","55","7"
"364","G04001200202012","040120202012","82","9"
"365","G04001200202013","040120202013","79","9"
"366","G04001200202021","040120202021","68","9"
"367","G04001200205011","040120205011","QDI","QDI"
"368","G04001200205012","040120205012","99","10"
"369","G04001200205013","040120205013","89","10"
"370","G04001200205014","040120205014","94","10"
"371","G04001200205031","040120205031","98","10"
"372","G04001200205032","040120205032","98","10"
"373","G04001200205033","040120205033","98","10"
"374","G04001200205041","040120205041","QDI","QDI"
"375","G04001200205042","040120205042","89","10"
"376","G04001200205051","040120205051","QDI","QDI"
"377","G04001200205052","040120205052","QDI","QDI"
"378","G04001200205053","040120205053","86","10"
"379","G04001200206021","040120206021","96","10"
"380","G04001200206022","040120206022","96","10"
"381","G04001209402001","040129402001","55","7"
"382","G04001209402002","040129402002","56","7"
"383","G04001209403001","040129403001","95","10"
"384","G04001209403002","040129403002","96","10"
"385","G04001209403003","040129403003","96","10"
"386","G04001209403004","040129403004","96","10"
"387","G04001209800001","040129800001","PH","PH"
"388","G04001300101021","040130101021","3","1"
"389","G04001300101022","040130101022","2","1"
"390","G04001300101023","040130101023","2","1"
"391","G04001300101031","040130101031","6","1"
"392","G04001300101032","040130101032","9","1"
"393","G04001300101041","040130101041","5","1"
"394","G04001300101042","040130101042","11","1"
"395","G04001300101043","040130101043","10","1"
"396","G04001300304011","040130304011","4","1"
"397","G04001300304012","040130304012","5","1"
"398","G04001300304013","040130304013","4","1"
"399","G04001300304021","040130304021","4","1"
"400","G04001300304022","040130304022","8","1"
"401","G04001300304023","040130304023","12","1"
"402","G04001300405021","040130405021","51","7"
"403","G04001300405022","040130405022","52","7"
"404","G04001300405023","040130405023","53","7"
"405","G04001300405024","040130405024","52","7"
"406","G04001300405025","040130405025","52","7"
"407","G04001300405061","040130405061","47","6"
"408","G04001300405062","040130405062","49","6"
"409","G04001300405063","040130405063","49","6"
"410","G04001300405064","040130405064","48","6"
"411","G04001300405071","040130405071","44","6"
"412","G04001300405072","040130405072","48","6"
"413","G04001300405073","040130405073","45","6"
"414","G04001300405074","040130405074","56","7"
"415","G04001300405075","040130405075","48","6"
"416","G04001300405121","040130405121","38","5"
"417","G04001300405131","040130405131","41","5"
"418","G04001300405132","040130405132","42","5"
"419","G04001300405141","040130405141","47","6"
"420","G04001300405142","040130405142","46","6"
"421","G04001300405151","040130405151","21","2"
"422","G04001300405152","040130405152","23","2"
"423","G04001300405161","040130405161","35","4"
"424","G04001300405162","040130405162","28","3"
"425","G04001300405163","040130405163","32","4"
"426","G04001300405164","040130405164","21","2"
"427","G04001300405165","040130405165","41","5"
"428","G04001300405221","040130405221","40","5"
"429","G04001300405222","040130405222","41","5"
"430","G04001300405223","040130405223","39","5"
"431","G04001300405231","040130405231","20","2"
"432","G04001300405232","040130405232","29","3"
"433","G04001300405241","040130405241","28","3"
"434","G04001300405251","040130405251","28","3"
"435","G04001300405252","040130405252","28","3"
"436","G04001300405261","040130405261","44","6"
"437","G04001300405262","040130405262","42","5"
"438","G04001300405271","040130405271","65","8"
"439","G04001300405272","040130405272","75","9"
"440","G04001300405273","040130405273","30","3"
"441","G04001300405281","040130405281","31","4"
"442","G04001300405282","040130405282","32","4"
"443","G04001300405283","040130405283","34","4"
"444","G04001300405284","040130405284","30","3"
"445","G04001300405285","040130405285","32","4"
"446","G04001300405286","040130405286","30","3"
"447","G04001300405291","040130405291","33","4"
"448","G04001300405292","040130405292","22","2"
"449","G04001300405293","040130405293","44","6"
"450","G04001300405301","040130405301","46","6"
"451","G04001300405302","040130405302","39","5"
"452","G04001300405311","040130405311","52","7"
"453","G04001300405312","040130405312","58","8"
"454","G04001300405313","040130405313","59","8"
"455","G04001300405314","040130405314","64","8"
"456","G04001300405321","040130405321","29","3"
"457","G04001300405322","040130405322","28","3"
"458","G04001300405323","040130405323","28","3"
"459","G04001300405331","040130405331","27","3"
"460","G04001300405341","040130405341","16","2"
"461","G04001300405342","040130405342","18","2"
"462","G04001300405351","040130405351","16","2"
"463","G04001300405352","040130405352","18","2"
"464","G04001300405353","040130405353","20","2"
"465","G04001300405354","040130405354","18","2"
"466","G04001300405361","040130405361","14","1"
"467","G04001300405362","040130405362","18","2"
"468","G04001300405371","040130405371","10","1"
"469","G04001300405381","040130405381","27","3"
"470","G04001300405382","040130405382","24","2"
"471","G04001300405383","040130405383","18","2"
"472","G04001300405391","040130405391","31","4"
"473","G04001300405392","040130405392","31","4"
"474","G04001300405393","040130405393","31","4"
"475","G04001300405394","040130405394","31","4"
"476","G04001300405395","040130405395","31","4"
"477","G04001300405396","040130405396","31","4"
"478","G04001300405401","040130405401","33","4"
"479","G04001300405402","040130405402","30","3"
"480","G04001300405403","040130405403","36","4"
"481","G04001300405411","040130405411","39","5"
"482","G04001300405412","040130405412","86","10"
"483","G04001300405413","040130405413","26","3"
"484","G04001300506031","040130506031","50","7"
"485","G04001300506032","040130506032","55","7"
"486","G04001300506033","040130506033","59","8"
"487","G04001300506034","040130506034","56","7"
"488","G04001300506041","040130506041","47","6"
"489","G04001300506042","040130506042","39","5"
"490","G04001300506091","040130506091","44","6"
"491","G04001300506092","040130506092","40","5"
"492","G04001300506093","040130506093","PH","PH"
"493","G04001300506094","040130506094","40","5"
"494","G04001300506111","040130506111","36","4"
"495","G04001300506112","040130506112","26","3"
"496","G04001300506113","040130506113","36","4"
"497","G04001300506114","040130506114","48","6"
"498","G04001300506115","040130506115","PH","PH"
"499","G04001300506121","040130506121","35","4"
"500","G04001300506122","040130506122","34","4"
"501","G04001300506123","040130506123","35","4"
"502","G04001300506131","040130506131","29","3"
"503","G04001300506132","040130506132","31","4"
"504","G04001300506133","040130506133","36","4"
"505","G04001300506141","040130506141","20","2"
"506","G04001300506142","040130506142","20","2"
"507","G04001300506143","040130506143","34","4"
"508","G04001300506151","040130506151","43","6"
"509","G04001300506152","040130506152","50","7"
"510","G04001300506161","040130506161","38","5"
"511","G04001300506162","040130506162","44","6"
"512","G04001300506171","040130506171","38","5"
"513","G04001300506172","040130506172","38","5"
"514","G04001300506173","040130506173","38","5"
"515","G04001300506174","040130506174","38","5"
"516","G04001300506181","040130506181","18","2"
"517","G04001300506182","040130506182","20","2"
"518","G04001300506191","040130506191","17","2"
"519","G04001300506192","040130506192","19","2"
"520","G04001300506193","040130506193","14","1"
"521","G04001300506194","040130506194","17","2"
"522","G04001300506201","040130506201","26","3"
"523","G04001300506202","040130506202","18","2"
"524","G04001300506203","040130506203","24","2"
"525","G04001300506211","040130506211","PH","PH"
"526","G04001300506212","040130506212","PH","PH"
"527","G04001300506213","040130506213","35","4"
"528","G04001300506214","040130506214","45","6"
"529","G04001300506215","040130506215","30","3"
"530","G04001300507011","040130507011","55","7"
"531","G04001300507012","040130507012","44","6"
"532","G04001300507013","040130507013","44","6"
"533","G04001300507021","040130507021","47","6"
"534","G04001300507022","040130507022","46","6"
"535","G04001300507023","040130507023","43","6"
"536","G04001300507024","040130507024","48","6"
"537","G04001300608011","040130608011","87","10"
"538","G04001300608012","040130608012","87","10"
"539","G04001300608013","040130608013","87","10"
"540","G04001300608014","040130608014","87","10"
"541","G04001300608015","040130608015","87","10"
"542","G04001300608021","040130608021","51","7"
"543","G04001300608022","040130608022","44","6"
"544","G04001300609011","040130609011","88","10"
"545","G04001300609012","040130609012","40","5"
"546","G04001300609013","040130609013","47","6"
"547","G04001300609021","040130609021","50","7"
"548","G04001300609022","040130609022","59","8"
"549","G04001300609023","040130609023","85","10"
"550","G04001300609031","040130609031","41","5"
"551","G04001300609032","040130609032","41","5"
"552","G04001300609033","040130609033","52","7"
"553","G04001300609034","040130609034","44","6"
"554","G04001300609041","040130609041","72","9"
"555","G04001300609042","040130609042","48","6"
"556","G04001300609043","040130609043","51","7"
"557","G04001300610101","040130610101","29","3"
"558","G04001300610102","040130610102","12","1"
"559","G04001300610103","040130610103","21","2"
"560","G04001300610111","040130610111","24","2"
"561","G04001300610112","040130610112","38","5"
"562","G04001300610113","040130610113","26","3"
"563","G04001300610131","040130610131","29","3"
"564","G04001300610132","040130610132","25","3"
"565","G04001300610141","040130610141","38","5"
"566","G04001300610142","040130610142","43","6"
"567","G04001300610143","040130610143","44","6"
"568","G04001300610151","040130610151","40","5"
"569","G04001300610152","040130610152","37","4"
"570","G04001300610153","040130610153","33","4"
"571","G04001300610171","040130610171","GQ-PH","GQ-PH"
"572","G04001300610181","040130610181","22","2"
"573","G04001300610182","040130610182","28","3"
"574","G04001300610183","040130610183","32","4"
"575","G04001300610201","040130610201","19","2"
"576","G04001300610202","040130610202","30","3"
"577","G04001300610203","040130610203","19","2"
"578","G04001300610211","040130610211","22","2"
"579","G04001300610241","040130610241","35","4"
"580","G04001300610261","040130610261","36","4"
"581","G04001300610262","040130610262","32","4"
"582","G04001300610263","040130610263","38","5"
"583","G04001300610271","040130610271","41","5"
"584","G04001300610272","040130610272","41","5"
"585","G04001300610273","040130610273","40","5"
"586","G04001300610274","040130610274","39","5"
"587","G04001300610281","040130610281","37","5"
"588","G04001300610291","040130610291","43","6"
"589","G04001300610292","040130610292","44","6"
"590","G04001300610293","040130610293","41","5"
"591","G04001300610294","040130610294","39","5"
"592","G04001300610311","040130610311","PH","PH"
"593","G04001300610312","040130610312","25","3"
"594","G04001300610313","040130610313","25","3"
"595","G04001300610314","040130610314","25","3"
"596","G04001300610315","040130610315","25","3"
"597","G04001300610316","040130610316","PH","PH"
"598","G04001300610317","040130610317","25","3"
"599","G04001300610321","040130610321","35","4"
"600","G04001300610322","040130610322","37","5"
"601","G04001300610323","040130610323","35","4"
"602","G04001300610324","040130610324","39","5"
"603","G04001300610331","040130610331","43","6"
"604","G04001300610332","040130610332","38","5"
"605","G04001300610333","040130610333","41","5"
"606","G04001300610341","040130610341","29","3"
"607","G04001300610342","040130610342","27","3"
"608","G04001300610343","040130610343","32","4"
"609","G04001300610344","040130610344","29","3"
"610","G04001300610351","040130610351","33","4"
"611","G04001300610352","040130610352","36","4"
"612","G04001300610353","040130610353","32","4"
"613","G04001300610354","040130610354","39","5"
"614","G04001300610361","040130610361","19","2"
"615","G04001300610362","040130610362","24","2"
"616","G04001300610371","040130610371","25","3"
"617","G04001300610372","040130610372","27","3"
"618","G04001300610373","040130610373","26","3"
"619","G04001300610381","040130610381","31","4"
"620","G04001300610382","040130610382","34","4"
"621","G04001300610383","040130610383","34","4"
"622","G04001300610391","040130610391","23","2"
"623","G04001300610392","040130610392","8","1"
"624","G04001300610393","040130610393","23","2"
"625","G04001300610401","040130610401","44","6"
"626","G04001300610402","040130610402","44","6"
"627","G04001300610403","040130610403","44","6"
"628","G04001300610411","040130610411","51","7"
"629","G04001300610412","040130610412","50","7"
"630","G04001300610413","040130610413","47","6"
"631","G04001300610414","040130610414","45","6"
"632","G04001300610421","040130610421","55","7"
"633","G04001300610422","040130610422","88","10"
"634","G04001300610431","040130610431","54","7"
"635","G04001300610432","040130610432","26","3"
"636","G04001300610433","040130610433","26","3"
"637","G04001300610441","040130610441","29","3"
"638","G04001300610442","040130610442","33","4"
"639","G04001300610443","040130610443","30","3"
"640","G04001300610444","040130610444","31","4"
"641","G04001300610451","040130610451","14","1"
"642","G04001300610452","040130610452","18","2"
"643","G04001300610453","040130610453","12","1"
"644","G04001300610454","040130610454","18","2"
"645","G04001300610461","040130610461","56","7"
"646","G04001300610462","040130610462","62","8"
"647","G04001300610463","040130610463","45","6"
"648","G04001300610471","040130610471","23","2"
"649","G04001300610472","040130610472","12","1"
"650","G04001300610481","040130610481","26","3"
"651","G04001300610482","040130610482","34","4"
"652","G04001300610491","040130610491","31","4"
"653","G04001300610492","040130610492","36","4"
"654","G04001300610501","040130610501","33","4"
"655","G04001300610502","040130610502","37","5"
"656","G04001300610503","040130610503","32","4"
"657","G04001300610511","040130610511","29","3"
"658","G04001300610512","040130610512","28","3"
"659","G04001300610521","040130610521","37","5"
"660","G04001300610522","040130610522","38","5"
"661","G04001300610523","040130610523","40","5"
"662","G04001300610531","040130610531","41","5"
"663","G04001300610532","040130610532","28","3"
"664","G04001300610533","040130610533","40","5"
"665","G04001300610541","040130610541","11","1"
"666","G04001300610542","040130610542","15","1"
"667","G04001300610543","040130610543","28","3"
"668","G04001300610551","040130610551","23","2"
"669","G04001300610552","040130610552","17","2"
"670","G04001300610561","040130610561","16","2"
"671","G04001300610571","040130610571","40","5"
"672","G04001300610572","040130610572","40","5"
"673","G04001300610573","040130610573","40","5"
"674","G04001300610574","040130610574","40","5"
"675","G04001300610581","040130610581","38","5"
"676","G04001300610582","040130610582","32","4"
"677","G04001300610591","040130610591","21","2"
"678","G04001300610592","040130610592","23","2"
"679","G04001300610601","040130610601","32","4"
"680","G04001300610611","040130610611","33","4"
"681","G04001300610612","040130610612","34","4"
"682","G04001300610621","040130610621","26","3"
"683","G04001300610622","040130610622","29","3"
"684","G04001300610623","040130610623","30","3"
"685","G04001300610631","040130610631","62","8"
"686","G04001300610641","040130610641","18","2"
"687","G04001300611001","040130611001","GQ-PH","GQ-PH"
"688","G04001300611002","040130611002","35","4"
"689","G04001300611003","040130611003","35","4"
"690","G04001300612001","040130612001","70","9"
"691","G04001300612002","040130612002","76","9"
"692","G04001300612003","040130612003","73","9"
"693","G04001300612004","040130612004","70","9"
"694","G04001300612005","040130612005","74","9"
"695","G04001300613001","040130613001","59","8"
"696","G04001300614011","040130614011","71","9"
"697","G04001300614012","040130614012","63","8"
"698","G04001300614021","040130614021","55","7"
"699","G04001300614022","040130614022","52","7"
"700","G04001300614023","040130614023","52","7"
"701","G04001300715031","040130715031","59","8"
"702","G04001300715032","040130715032","58","8"
"703","G04001300715033","040130715033","54","7"
"704","G04001300715034","040130715034","76","9"
"705","G04001300715035","040130715035","59","8"
"706","G04001300715041","040130715041","59","8"
"707","G04001300715042","040130715042","48","6"
"708","G04001300715043","040130715043","60","8"
"709","G04001300715044","040130715044","61","8"
"710","G04001300715051","040130715051","67","8"
"711","G04001300715052","040130715052","45","6"
"712","G04001300715053","040130715053","63","8"
"713","G04001300715054","040130715054","75","9"
"714","G04001300715061","040130715061","54","7"
"715","G04001300715062","040130715062","54","7"
"716","G04001300715063","040130715063","50","7"
"717","G04001300715064","040130715064","54","7"
"718","G04001300715091","040130715091","23","2"
"719","G04001300715092","040130715092","23","2"
"720","G04001300715093","040130715093","23","2"
"721","G04001300715094","040130715094","23","2"
"722","G04001300715095","040130715095","23","2"
"723","G04001300715101","040130715101","19","2"
"724","G04001300715102","040130715102","26","3"
"725","G04001300715103","040130715103","18","2"
"726","G04001300715111","040130715111","39","5"
"727","G04001300715112","040130715112","77","9"
"728","G04001300715121","040130715121","37","5"
"729","G04001300715122","040130715122","36","4"
"730","G04001300715123","040130715123","31","4"
"731","G04001300715124","040130715124","35","4"
"732","G04001300715131","040130715131","16","2"
"733","G04001300715132","040130715132","18","2"
"734","G04001300715141","040130715141","35","4"
"735","G04001300715142","040130715142","35","4"
"736","G04001300715143","040130715143","35","4"
"737","G04001300715151","040130715151","37","5"
"738","G04001300715152","040130715152","37","5"
"739","G04001300715153","040130715153","39","5"
"740","G04001300715154","040130715154","38","5"
"741","G04001300715161","040130715161","41","5"
"742","G04001300715162","040130715162","67","8"
"743","G04001300715171","040130715171","28","3"
"744","G04001300715172","040130715172","35","4"
"745","G04001300715173","040130715173","33","4"
"746","G04001300716001","040130716001","61","8"
"747","G04001300716002","040130716002","58","8"
"748","G04001300717011","040130717011","42","5"
"749","G04001300717021","040130717021","66","8"
"750","G04001300717022","040130717022","71","9"
"751","G04001300717023","040130717023","65","8"
"752","G04001300717024","040130717024","67","8"
"753","G04001300717025","040130717025","74","9"
"754","G04001300718011","040130718011","77","9"
"755","G04001300718012","040130718012","70","9"
"756","G04001300718013","040130718013","71","9"
"757","G04001300718014","040130718014","75","9"
"758","G04001300718015","040130718015","72","9"
"759","G04001300718016","040130718016","69","9"
"760","G04001300718021","040130718021","70","9"
"761","G04001300718022","040130718022","72","9"
"762","G04001300718023","040130718023","68","9"
"763","G04001300718024","040130718024","57","7"
"764","G04001300719031","040130719031","57","7"
"765","G04001300719032","040130719032","56","7"
"766","G04001300719033","040130719033","41","5"
"767","G04001300719034","040130719034","56","7"
"768","G04001300719035","040130719035","48","6"
"769","G04001300719036","040130719036","43","6"
"770","G04001300719037","040130719037","90","10"
"771","G04001300719061","040130719061","65","8"
"772","G04001300719062","040130719062","53","7"
"773","G04001300719063","040130719063","43","6"
"774","G04001300719064","040130719064","47","6"
"775","G04001300719091","040130719091","76","9"
"776","G04001300719092","040130719092","48","6"
"777","G04001300719093","040130719093","48","6"
"778","G04001300719094","040130719094","50","7"
"779","G04001300719101","040130719101","56","7"
"780","G04001300719102","040130719102","56","7"
"781","G04001300719103","040130719103","56","7"
"782","G04001300719104","040130719104","56","7"
"783","G04001300719105","040130719105","56","7"
"784","G04001300719111","040130719111","40","5"
"785","G04001300719112","040130719112","47","6"
"786","G04001300719121","040130719121","90","10"
"787","G04001300719122","040130719122","94","10"
"788","G04001300719131","040130719131","42","5"
"789","G04001300719132","040130719132","52","7"
"790","G04001300719133","040130719133","50","7"
"791","G04001300719141","040130719141","49","6"
"792","G04001300719142","040130719142","59","8"
"793","G04001300719143","040130719143","48","6"
"794","G04001300719151","040130719151","63","8"
"795","G04001300719152","040130719152","59","8"
"796","G04001300719153","040130719153","57","7"
"797","G04001300820021","040130820021","45","6"
"798","G04001300820022","040130820022","45","6"
"799","G04001300820023","040130820023","42","5"
"800","G04001300820071","040130820071","53","7"
"801","G04001300820072","040130820072","47","6"
"802","G04001300820081","040130820081","42","5"
"803","G04001300820082","040130820082","58","8"
"804","G04001300820083","040130820083","50","7"
"805","G04001300820091","040130820091","63","8"
"806","G04001300820092","040130820092","54","7"
"807","G04001300820101","040130820101","61","8"
"808","G04001300820102","040130820102","49","6"
"809","G04001300820121","040130820121","32","4"
"810","G04001300820122","040130820122","47","6"
"811","G04001300820123","040130820123","53","7"
"812","G04001300820161","040130820161","PH","PH"
"813","G04001300820162","040130820162","34","4"
"814","G04001300820171","040130820171","30","3"
"815","G04001300820172","040130820172","PH","PH"
"816","G04001300820173","040130820173","29","3"
"817","G04001300820181","040130820181","49","6"
"818","G04001300820182","040130820182","49","6"
"819","G04001300820191","040130820191","28","3"
"820","G04001300820192","040130820192","29","3"
"821","G04001300820201","040130820201","33","4"
"822","G04001300820202","040130820202","35","4"
"823","G04001300820211","040130820211","42","5"
"824","G04001300820212","040130820212","22","2"
"825","G04001300820221","040130820221","35","4"
"826","G04001300820222","040130820222","45","6"
"827","G04001300820231","040130820231","34","4"
"828","G04001300820232","040130820232","39","5"
"829","G04001300820233","040130820233","39","5"
"830","G04001300820241","040130820241","39","5"
"831","G04001300820242","040130820242","48","6"
"832","G04001300820251","040130820251","35","4"
"833","G04001300820261","040130820261","38","5"
"834","G04001300820262","040130820262","35","4"
"835","G04001300820263","040130820263","39","5"
"836","G04001300820271","040130820271","35","4"
"837","G04001300820272","040130820272","31","4"
"838","G04001300820273","040130820273","37","5"
"839","G04001300820281","040130820281","66","8"
"840","G04001300820282","040130820282","43","6"
"841","G04001300822041","040130822041","31","4"
"842","G04001300822042","040130822042","35","4"
"843","G04001300822043","040130822043","34","4"
"844","G04001300822051","040130822051","48","6"
"845","G04001300822052","040130822052","40","5"
"846","G04001300822053","040130822053","43","6"
"847","G04001300822061","040130822061","29","3"
"848","G04001300822062","040130822062","37","5"
"849","G04001300822063","040130822063","40","5"
"850","G04001300822071","040130822071","39","5"
"851","G04001300822072","040130822072","37","5"
"852","G04001300822081","040130822081","53","7"
"853","G04001300822082","040130822082","40","5"
"854","G04001300822083","040130822083","33","4"
"855","G04001300822091","040130822091","44","6"
"856","G04001300822092","040130822092","63","8"
"857","G04001300822101","040130822101","36","4"
"858","G04001300822102","040130822102","46","6"
"859","G04001300822103","040130822103","38","5"
"860","G04001300822111","040130822111","34","4"
"861","G04001300822112","040130822112","29","3"
"862","G04001300822113","040130822113","31","4"
"863","G04001300822114","040130822114","39","5"
"864","G04001300822121","040130822121","37","5"
"865","G04001300822122","040130822122","32","4"
"866","G04001300822131","040130822131","36","4"
"867","G04001300822132","040130822132","32","4"
"868","G04001300822133","040130822133","37","5"
"869","G04001300830001","040130830001","54","7"
"870","G04001300830002","040130830002","57","7"
"871","G04001300830003","040130830003","PH","PH"
"872","G04001300830004","040130830004","54","7"
"873","G04001300830005","040130830005","53","7"
"874","G04001300923051","040130923051","48","6"
"875","G04001300923052","040130923052","56","7"
"876","G04001300923061","040130923061","41","5"
"877","G04001300923062","040130923062","39","5"
"878","G04001300923063","040130923063","35","4"
"879","G04001300923064","040130923064","53","7"
"880","G04001300923071","040130923071","46","6"
"881","G04001300923072","040130923072","53","7"
"882","G04001300923073","040130923073","29","3"
"883","G04001300923074","040130923074","38","5"
"884","G04001300923081","040130923081","49","6"
"885","G04001300923082","040130923082","55","7"
"886","G04001300923083","040130923083","39","5"
"887","G04001300923084","040130923084","48","6"
"888","G04001300923091","040130923091","36","4"
"889","G04001300923092","040130923092","42","5"
"890","G04001300923093","040130923093","41","5"
"891","G04001300923094","040130923094","33","4"
"892","G04001300923111","040130923111","90","10"
"893","G04001300923112","040130923112","45","6"
"894","G04001300923121","040130923121","50","7"
"895","G04001300923122","040130923122","51","7"
"896","G04001300923123","040130923123","52","7"
"897","G04001300923124","040130923124","51","7"
"898","G04001300924011","040130924011","63","8"
"899","G04001300924012","040130924012","62","8"
"900","G04001300924013","040130924013","57","7"
"901","G04001300924021","040130924021","61","8"
"902","G04001300924022","040130924022","64","8"
"903","G04001300924023","040130924023","66","8"
"904","G04001300925001","040130925001","44","6"
"905","G04001300925002","040130925002","75","9"
"906","G04001300925003","040130925003","72","9"
"907","G04001300925004","040130925004","52","7"
"908","G04001300926001","040130926001","38","5"
"909","G04001300926002","040130926002","38","5"
"910","G04001300926003","040130926003","38","5"
"911","G04001300927051","040130927051","48","6"
"912","G04001300927052","040130927052","64","8"
"913","G04001300927081","040130927081","37","5"
"914","G04001300927082","040130927082","31","4"
"915","G04001300927091","040130927091","38","5"
"916","G04001300927092","040130927092","33","4"
"917","G04001300927093","040130927093","38","5"
"918","G04001300927101","040130927101","38","5"
"919","G04001300927102","040130927102","32","4"
"920","G04001300927111","040130927111","32","4"
"921","G04001300927112","040130927112","48","6"
"922","G04001300927121","040130927121","49","6"
"923","G04001300927122","040130927122","38","5"
"924","G04001300927131","040130927131","44","6"
"925","G04001300927132","040130927132","47","6"
"926","G04001300927151","040130927151","50","7"
"927","G04001300927152","040130927152","60","8"
"928","G04001300927153","040130927153","57","7"
"929","G04001300927161","040130927161","53","7"
"930","G04001300927162","040130927162","49","6"
"931","G04001300927163","040130927163","51","7"
"932","G04001300927171","040130927171","58","8"
"933","G04001300927172","040130927172","49","6"
"934","G04001300927181","040130927181","59","8"
"935","G04001300927182","040130927182","53","7"
"936","G04001300927191","040130927191","31","4"
"937","G04001300927192","040130927192","53","7"
"938","G04001300927201","040130927201","33","4"
"939","G04001300927202","040130927202","30","3"
"940","G04001300927203","040130927203","33","4"
"941","G04001300927204","040130927204","34","4"
"942","G04001300927211","040130927211","25","3"
"943","G04001300927212","040130927212","23","2"
"944","G04001300927231","040130927231","50","7"
"945","G04001300927232","040130927232","49","6"
"946","G04001300927241","040130927241","64","8"
"947","G04001300927242","040130927242","65","8"
"948","G04001300927243","040130927243","63","8"
"949","G04001300928011","040130928011","63","8"
"950","G04001300928012","040130928012","72","9"
"951","G04001300928013","040130928013","67","8"
"952","G04001300928014","040130928014","70","9"
"953","G04001300928021","040130928021","66","8"
"954","G04001300928022","040130928022","64","8"
"955","G04001300928023","040130928023","65","8"
"956","G04001300928024","040130928024","65","8"
"957","G04001300929001","040130929001","78","9"
"958","G04001300929002","040130929002","79","9"
"959","G04001300930011","040130930011","68","9"
"960","G04001300930012","040130930012","78","9"
"961","G04001300930013","040130930013","74","9"
"962","G04001300930021","040130930021","99","10"
"963","G04001300930022","040130930022","59","8"
"964","G04001300930023","040130930023","56","7"
"965","G04001300931011","040130931011","76","9"
"966","G04001300931012","040130931012","68","9"
"967","G04001300931013","040130931013","77","9"
"968","G04001300931014","040130931014","80","9"
"969","G04001300931041","040130931041","36","4"
"970","G04001300931042","040130931042","36","4"
"971","G04001300931043","040130931043","37","5"
"972","G04001300931044","040130931044","36","4"
"973","G04001300931051","040130931051","56","7"
"974","G04001300931052","040130931052","QDI","QDI"
"975","G04001300931053","040130931053","99","10"
"976","G04001300931054","040130931054","64","8"
"977","G04001300931061","040130931061","46","6"
"978","G04001300931062","040130931062","50","7"
"979","G04001300931063","040130931063","50","7"
"980","G04001300932001","040130932001","68","9"
"981","G04001300932002","040130932002","62","8"
"982","G04001300932003","040130932003","64","8"
"983","G04001301032051","040131032051","13","1"
"984","G04001301032052","040131032052","16","2"
"985","G04001301032061","040131032061","7","1"
"986","G04001301032062","040131032062","8","1"
"987","G04001301032071","040131032071","12","1"
"988","G04001301032072","040131032072","9","1"
"989","G04001301032081","040131032081","18","2"
"990","G04001301032082","040131032082","58","8"
"991","G04001301032083","040131032083","19","2"
"992","G04001301032091","040131032091","9","1"
"993","G04001301032092","040131032092","24","2"
"994","G04001301032093","040131032093","6","1"
"995","G04001301032094","040131032094","6","1"
"996","G04001301032101","040131032101","32","4"
"997","G04001301032102","040131032102","32","4"
"998","G04001301032103","040131032103","32","4"
"999","G04001301032104","040131032104","32","4"
"1000","G04001301032105","040131032105","32","4"
"1001","G04001301032111","040131032111","24","2"
"1002","G04001301032112","040131032112","16","2"
"1003","G04001301032113","040131032113","20","2"
"1004","G04001301032121","040131032121","11","1"
"1005","G04001301032122","040131032122","11","1"
"1006","G04001301032123","040131032123","16","2"
"1007","G04001301032141","040131032141","13","1"
"1008","G04001301032142","040131032142","13","1"
"1009","G04001301032143","040131032143","13","1"
"1010","G04001301032151","040131032151","14","1"
"1011","G04001301032152","040131032152","14","1"
"1012","G04001301032161","040131032161","11","1"
"1013","G04001301032162","040131032162","17","2"
"1014","G04001301032163","040131032163","13","1"
"1015","G04001301032164","040131032164","22","2"
"1016","G04001301032171","040131032171","10","1"
"1017","G04001301032172","040131032172","15","1"
"1018","G04001301032173","040131032173","12","1"
"1019","G04001301032174","040131032174","46","6"
"1020","G04001301032191","040131032191","14","1"
"1021","G04001301032192","040131032192","15","1"
"1022","G04001301032193","040131032193","21","2"
"1023","G04001301032201","040131032201","11","1"
"1024","G04001301032202","040131032202","11","1"
"1025","G04001301032203","040131032203","11","1"
"1026","G04001301033021","040131033021","40","5"
"1027","G04001301033022","040131033022","40","5"
"1028","G04001301033023","040131033023","42","5"
"1029","G04001301033024","040131033024","41","5"
"1030","G04001301033025","040131033025","39","5"
"1031","G04001301033031","040131033031","22","2"
"1032","G04001301033032","040131033032","60","8"
"1033","G04001301033033","040131033033","29","3"
"1034","G04001301033041","040131033041","78","9"
"1035","G04001301033042","040131033042","78","9"
"1036","G04001301033043","040131033043","77","9"
"1037","G04001301033051","040131033051","87","10"
"1038","G04001301033052","040131033052","87","10"
"1039","G04001301033061","040131033061","82","9"
"1040","G04001301033062","040131033062","80","9"
"1041","G04001301034001","040131034001","46","6"
"1042","G04001301034002","040131034002","45","6"
"1043","G04001301034003","040131034003","43","6"
"1044","G04001301034004","040131034004","43","6"
"1045","G04001301035011","040131035011","37","5"
"1046","G04001301035012","040131035012","24","2"
"1047","G04001301035013","040131035013","16","2"
"1048","G04001301035021","040131035021","27","3"
"1049","G04001301035022","040131035022","29","3"
"1050","G04001301035023","040131035023","31","4"
"1051","G04001301035024","040131035024","35","4"
"1052","G04001301035025","040131035025","30","3"
"1053","G04001301036041","040131036041","43","6"
"1054","G04001301036042","040131036042","33","4"
"1055","G04001301036043","040131036043","43","6"
"1056","G04001301036051","040131036051","10","1"
"1057","G04001301036052","040131036052","15","1"
"1058","G04001301036053","040131036053","27","3"
"1059","G04001301036054","040131036054","15","1"
"1060","G04001301036061","040131036061","53","7"
"1061","G04001301036062","040131036062","35","4"
"1062","G04001301036063","040131036063","33","4"
"1063","G04001301036071","040131036071","35","4"
"1064","G04001301036072","040131036072","27","3"
"1065","G04001301036073","040131036073","21","2"
"1066","G04001301036074","040131036074","29","3"
"1067","G04001301036081","040131036081","36","4"
"1068","G04001301036082","040131036082","57","7"
"1069","G04001301036091","040131036091","40","5"
"1070","G04001301036092","040131036092","41","5"
"1071","G04001301036093","040131036093","43","6"
"1072","G04001301036094","040131036094","41","5"
"1073","G04001301036111","040131036111","31","4"
"1074","G04001301036112","040131036112","12","1"
"1075","G04001301036113","040131036113","14","1"
"1076","G04001301036121","040131036121","29","3"
"1077","G04001301036122","040131036122","29","3"
"1078","G04001301036123","040131036123","29","3"
"1079","G04001301036124","040131036124","29","3"
"1080","G04001301036141","040131036141","29","3"
"1081","G04001301036142","040131036142","21","2"
"1082","G04001301036151","040131036151","57","7"
"1083","G04001301036152","040131036152","70","9"
"1084","G04001301036153","040131036153","59","8"
"1085","G04001301037011","040131037011","47","6"
"1086","G04001301037012","040131037012","42","5"
"1087","G04001301037013","040131037013","45","6"
"1088","G04001301037021","040131037021","45","6"
"1089","G04001301037022","040131037022","27","3"
"1090","G04001301037023","040131037023","18","2"
"1091","G04001301039001","040131039001","40","5"
"1092","G04001301039002","040131039002","52","7"
"1093","G04001301039003","040131039003","51","7"
"1094","G04001301039004","040131039004","55","7"
"1095","G04001301040001","040131040001","55","7"
"1096","G04001301040002","040131040002","42","5"
"1097","G04001301040003","040131040003","51","7"
"1098","G04001301040004","040131040004","54","7"
"1099","G04001301041001","040131041001","59","8"
"1100","G04001301041002","040131041002","58","8"
"1101","G04001301041003","040131041003","36","4"
"1102","G04001301041004","040131041004","50","7"
"1103","G04001301042021","040131042021","36","4"
"1104","G04001301042022","040131042022","43","6"
"1105","G04001301042023","040131042023","46","6"
"1106","G04001301042031","040131042031","40","5"
"1107","G04001301042032","040131042032","41","5"
"1108","G04001301042033","040131042033","43","6"
"1109","G04001301042034","040131042034","40","5"
"1110","G04001301042035","040131042035","44","6"
"1111","G04001301042041","040131042041","45","6"
"1112","G04001301042042","040131042042","45","6"
"1113","G04001301042051","040131042051","40","5"
"1114","G04001301042052","040131042052","53","7"
"1115","G04001301042053","040131042053","46","6"
"1116","G04001301042054","040131042054","54","7"
"1117","G04001301042061","040131042061","41","5"
"1118","G04001301042062","040131042062","38","5"
"1119","G04001301042063","040131042063","47","6"
"1120","G04001301042071","040131042071","39","5"
"1121","G04001301042072","040131042072","37","5"
"1122","G04001301042073","040131042073","44","6"
"1123","G04001301042121","040131042121","46","6"
"1124","G04001301042122","040131042122","40","5"
"1125","G04001301042123","040131042123","40","5"
"1126","G04001301042124","040131042124","39","5"
"1127","G04001301042141","040131042141","34","4"
"1128","G04001301042142","040131042142","31","4"
"1129","G04001301042151","040131042151","46","6"
"1130","G04001301042152","040131042152","46","6"
"1131","G04001301042153","040131042153","46","6"
"1132","G04001301042154","040131042154","46","6"
"1133","G04001301042155","040131042155","46","6"
"1134","G04001301042161","040131042161","50","7"
"1135","G04001301042162","040131042162","39","5"
"1136","G04001301042163","040131042163","39","5"
"1137","G04001301042171","040131042171","46","6"
"1138","G04001301042172","040131042172","52","7"
"1139","G04001301042173","040131042173","54","7"
"1140","G04001301042181","040131042181","36","4"
"1141","G04001301042182","040131042182","29","3"
"1142","G04001301042183","040131042183","72","9"
"1143","G04001301042191","040131042191","GQ","GQ"
"1144","G04001301042192","040131042192","43","6"
"1145","G04001301042211","040131042211","48","6"
"1146","G04001301042212","040131042212","49","6"
"1147","G04001301042213","040131042213","36","4"
"1148","G04001301042214","040131042214","37","5"
"1149","G04001301042221","040131042221","34","4"
"1150","G04001301042222","040131042222","38","5"
"1151","G04001301042223","040131042223","40","5"
"1152","G04001301042224","040131042224","44","6"
"1153","G04001301042231","040131042231","25","3"
"1154","G04001301042232","040131042232","15","1"
"1155","G04001301042241","040131042241","64","8"
"1156","G04001301042242","040131042242","33","4"
"1157","G04001301042243","040131042243","51","7"
"1158","G04001301042244","040131042244","26","3"
"1159","G04001301042251","040131042251","34","4"
"1160","G04001301042252","040131042252","24","2"
"1161","G04001301042253","040131042253","34","4"
"1162","G04001301042261","040131042261","43","6"
"1163","G04001301042262","040131042262","34","4"
"1164","G04001301042263","040131042263","68","9"
"1165","G04001301042264","040131042264","25","3"
"1166","G04001301042271","040131042271","57","7"
"1167","G04001301042272","040131042272","48","6"
"1168","G04001301043011","040131043011","60","8"
"1169","G04001301043012","040131043012","45","6"
"1170","G04001301043021","040131043021","71","9"
"1171","G04001301043022","040131043022","65","8"
"1172","G04001301044011","040131044011","58","8"
"1173","G04001301044012","040131044012","60","8"
"1174","G04001301044013","040131044013","64","8"
"1175","G04001301044021","040131044021","100","10"
"1176","G04001301044022","040131044022","98","10"
"1177","G04001301045011","040131045011","62","8"
"1178","G04001301045012","040131045012","61","8"
"1179","G04001301045013","040131045013","57","7"
"1180","G04001301045021","040131045021","81","9"
"1181","G04001301045022","040131045022","61","8"
"1182","G04001301045023","040131045023","49","6"
"1183","G04001301046001","040131046001","43","6"
"1184","G04001301046002","040131046002","45","6"
"1185","G04001301046003","040131046003","47","6"
"1186","G04001301047011","040131047011","57","7"
"1187","G04001301047012","040131047012","54","7"
"1188","G04001301047013","040131047013","57","7"
"1189","G04001301047021","040131047021","66","8"
"1190","G04001301047022","040131047022","58","8"
"1191","G04001301047023","040131047023","61","8"
"1192","G04001301047024","040131047024","100","10"
"1193","G04001301048011","040131048011","14","1"
"1194","G04001301048012","040131048012","13","1"
"1195","G04001301048021","040131048021","26","3"
"1196","G04001301048022","040131048022","26","3"
"1197","G04001301048023","040131048023","26","3"
"1198","G04001301048024","040131048024","26","3"
"1199","G04001301048025","040131048025","26","3"
"1200","G04001301049001","040131049001","21","2"
"1201","G04001301049002","040131049002","22","2"
"1202","G04001301049003","040131049003","28","3"
"1203","G04001301049004","040131049004","28","3"
"1204","G04001301050021","040131050021","1","1"
"1205","G04001301050022","040131050022","1","1"
"1206","G04001301050031","040131050031","1","1"
"1207","G04001301050032","040131050032","1","1"
"1208","G04001301050041","040131050041","1","1"
"1209","G04001301050042","040131050042","1","1"
"1210","G04001301050043","040131050043","1","1"
"1211","G04001301051011","040131051011","10","1"
"1212","G04001301051012","040131051012","4","1"
"1213","G04001301051013","040131051013","9","1"
"1214","G04001301051021","040131051021","6","1"
"1215","G04001301051022","040131051022","5","1"
"1216","G04001301051023","040131051023","35","4"
"1217","G04001301051024","040131051024","28","3"
"1218","G04001301051031","040131051031","1","1"
"1219","G04001301051032","040131051032","1","1"
"1220","G04001301051033","040131051033","1","1"
"1221","G04001301052001","040131052001","32","4"
"1222","G04001301052002","040131052002","35","4"
"1223","G04001301052003","040131052003","36","4"
"1224","G04001301052004","040131052004","31","4"
"1225","G04001301053001","040131053001","19","2"
"1226","G04001301053002","040131053002","59","8"
"1227","G04001301053003","040131053003","16","2"
"1228","G04001301054001","040131054001","10","1"
"1229","G04001301054002","040131054002","20","2"
"1230","G04001301054003","040131054003","20","2"
"1231","G04001301055011","040131055011","54","7"
"1232","G04001301055012","040131055012","55","7"
"1233","G04001301055021","040131055021","46","6"
"1234","G04001301055022","040131055022","45","6"
"1235","G04001301055031","040131055031","74","9"
"1236","G04001301055032","040131055032","73","9"
"1237","G04001301056011","040131056011","46","6"
"1238","G04001301056012","040131056012","59","8"
"1239","G04001301056021","040131056021","68","9"
"1240","G04001301056022","040131056022","56","7"
"1241","G04001301056023","040131056023","62","8"
"1242","G04001301057011","040131057011","49","6"
"1243","G04001301057012","040131057012","47","6"
"1244","G04001301057021","040131057021","51","7"
"1245","G04001301057022","040131057022","50","7"
"1246","G04001301058001","040131058001","39","5"
"1247","G04001301058002","040131058002","47","6"
"1248","G04001301058003","040131058003","53","7"
"1249","G04001301058004","040131058004","46","6"
"1250","G04001301059001","040131059001","34","4"
"1251","G04001301059002","040131059002","70","9"
"1252","G04001301059003","040131059003","49","6"
"1253","G04001301060011","040131060011","72","9"
"1254","G04001301060021","040131060021","61","8"
"1255","G04001301060022","040131060022","49","6"
"1256","G04001301060031","040131060031","50","7"
"1257","G04001301060032","040131060032","46","6"
"1258","G04001301061001","040131061001","17","2"
"1259","G04001301061002","040131061002","20","2"
"1260","G04001301061003","040131061003","21","2"
"1261","G04001301061004","040131061004","19","2"
"1262","G04001301061005","040131061005","23","2"
"1263","G04001301062001","040131062001","4","1"
"1264","G04001301062002","040131062002","4","1"
"1265","G04001301063001","040131063001","27","3"
"1266","G04001301063002","040131063002","22","2"
"1267","G04001301063003","040131063003","24","2"
"1268","G04001301063004","040131063004","18","2"
"1269","G04001301064001","040131064001","16","2"
"1270","G04001301064002","040131064002","27","3"
"1271","G04001301065011","040131065011","19","2"
"1272","G04001301065012","040131065012","20","2"
"1273","G04001301065021","040131065021","35","4"
"1274","G04001301065022","040131065022","25","3"
"1275","G04001301065023","040131065023","36","4"
"1276","G04001301066001","040131066001","6","1"
"1277","G04001301066002","040131066002","7","1"
"1278","G04001301067011","040131067011","69","9"
"1279","G04001301067012","040131067012","67","8"
"1280","G04001301067013","040131067013","59","8"
"1281","G04001301067021","040131067021","34","4"
"1282","G04001301067031","040131067031","34","4"
"1283","G04001301067032","040131067032","23","2"
"1284","G04001301068011","040131068011","99","10"
"1285","G04001301068012","040131068012","99","10"
"1286","G04001301068013","040131068013","99","10"
"1287","G04001301068021","040131068021","51","7"
"1288","G04001301068022","040131068022","47","6"
"1289","G04001301068023","040131068023","55","7"
"1290","G04001301069001","040131069001","54","7"
"1291","G04001301069002","040131069002","48","6"
"1292","G04001301069003","040131069003","43","6"
"1293","G04001301069004","040131069004","54","7"
"1294","G04001301070011","040131070011","58","8"
"1295","G04001301070012","040131070012","66","8"
"1296","G04001301070021","040131070021","61","8"
"1297","G04001301070022","040131070022","45","6"
"1298","G04001301071011","040131071011","40","5"
"1299","G04001301071012","040131071012","60","8"
"1300","G04001301071021","040131071021","72","9"
"1301","G04001301071022","040131071022","60","8"
"1302","G04001301071023","040131071023","64","8"
"1303","G04001301072011","040131072011","GQ-PH","GQ-PH"
"1304","G04001301072012","040131072012","40","5"
"1305","G04001301072021","040131072021","52","7"
"1306","G04001301072022","040131072022","54","7"
"1307","G04001301073001","040131073001","60","8"
"1308","G04001301073002","040131073002","56","7"
"1309","G04001301073003","040131073003","53","7"
"1310","G04001301073004","040131073004","59","8"
"1311","G04001301074011","040131074011","20","2"
"1312","G04001301074012","040131074012","38","5"
"1313","G04001301074013","040131074013","20","2"
"1314","G04001301074021","040131074021","84","10"
"1315","G04001301074031","040131074031","51","7"
"1316","G04001301074032","040131074032","51","7"
"1317","G04001301074041","040131074041","41","5"
"1318","G04001301075001","040131075001","9","1"
"1319","G04001301075002","040131075002","11","1"
"1320","G04001301075003","040131075003","16","2"
"1321","G04001301076011","040131076011","42","5"
"1322","G04001301076012","040131076012","34","4"
"1323","G04001301076013","040131076013","33","4"
"1324","G04001301076021","040131076021","11","1"
"1325","G04001301076022","040131076022","26","3"
"1326","G04001301077001","040131077001","20","2"
"1327","G04001301077002","040131077002","20","2"
"1328","G04001301077003","040131077003","20","2"
"1329","G04001301077004","040131077004","20","2"
"1330","G04001301077005","040131077005","20","2"
"1331","G04001301077006","040131077006","20","2"
"1332","G04001301078001","040131078001","6","1"
"1333","G04001301078002","040131078002","14","1"
"1334","G04001301079001","040131079001","3","1"
"1335","G04001301079002","040131079002","3","1"
"1336","G04001301079003","040131079003","5","1"
"1337","G04001301080001","040131080001","1","1"
"1338","G04001301080002","040131080002","1","1"
"1339","G04001301081001","040131081001","8","1"
"1340","G04001301082001","040131082001","11","1"
"1341","G04001301082002","040131082002","13","1"
"1342","G04001301082003","040131082003","12","1"
"1343","G04001301083011","040131083011","4","1"
"1344","G04001301083012","040131083012","8","1"
"1345","G04001301083013","040131083013","8","1"
"1346","G04001301083021","040131083021","19","2"
"1347","G04001301083022","040131083022","20","2"
"1348","G04001301084001","040131084001","29","3"
"1349","G04001301084002","040131084002","22","2"
"1350","G04001301084003","040131084003","27","3"
"1351","G04001301084004","040131084004","24","2"
"1352","G04001301084005","040131084005","25","3"
"1353","G04001301085011","040131085011","42","5"
"1354","G04001301085012","040131085012","30","3"
"1355","G04001301085021","040131085021","29","3"
"1356","G04001301085022","040131085022","24","2"
"1357","G04001301085023","040131085023","31","4"
"1358","G04001301085024","040131085024","25","3"
"1359","G04001301086011","040131086011","49","6"
"1360","G04001301086012","040131086012","37","5"
"1361","G04001301086021","040131086021","40","5"
"1362","G04001301086022","040131086022","34","4"
"1363","G04001301086023","040131086023","36","4"
"1364","G04001301086024","040131086024","34","4"
"1365","G04001301088021","040131088021","64","8"
"1366","G04001301088022","040131088022","18","2"
"1367","G04001301088023","040131088023","22","2"
"1368","G04001301089011","040131089011","32","4"
"1369","G04001301089012","040131089012","31","4"
"1370","G04001301089013","040131089013","32","4"
"1371","G04001301089021","040131089021","35","4"
"1372","G04001301089022","040131089022","47","6"
"1373","G04001301089023","040131089023","58","8"
"1374","G04001301089024","040131089024","37","5"
"1375","G04001301090011","040131090011","79","9"
"1376","G04001301090012","040131090012","76","9"
"1377","G04001301090021","040131090021","58","8"
"1378","G04001301090022","040131090022","63","8"
"1379","G04001301090023","040131090023","57","7"
"1380","G04001301090031","040131090031","74","9"
"1381","G04001301090032","040131090032","75","9"
"1382","G04001301090033","040131090033","75","9"
"1383","G04001301090034","040131090034","75","9"
"1384","G04001301091011","040131091011","60","8"
"1385","G04001301091012","040131091012","59","8"
"1386","G04001301091021","040131091021","62","8"
"1387","G04001301091022","040131091022","55","7"
"1388","G04001301091023","040131091023","74","9"
"1389","G04001301092001","040131092001","PH","PH"
"1390","G04001301092002","040131092002","61","8"
"1391","G04001301092003","040131092003","58","8"
"1392","G04001301092004","040131092004","60","8"
"1393","G04001301093001","040131093001","50","7"
"1394","G04001301093002","040131093002","49","6"
"1395","G04001301093003","040131093003","52","7"
"1396","G04001301094011","040131094011","57","7"
"1397","G04001301094012","040131094012","57","7"
"1398","G04001301094013","040131094013","57","7"
"1399","G04001301094021","040131094021","53","7"
"1400","G04001301094022","040131094022","55","7"
"1401","G04001301094023","040131094023","100","10"
"1402","G04001301095001","040131095001","51","7"
"1403","G04001301095002","040131095002","44","6"
"1404","G04001301095003","040131095003","51","7"
"1405","G04001301096011","040131096011","62","8"
"1406","G04001301096012","040131096012","52","7"
"1407","G04001301096013","040131096013","60","8"
"1408","G04001301096021","040131096021","55","7"
"1409","G04001301096022","040131096022","62","8"
"1410","G04001301096023","040131096023","62","8"
"1411","G04001301096031","040131096031","56","7"
"1412","G04001301096032","040131096032","48","6"
"1413","G04001301096033","040131096033","47","6"
"1414","G04001301096034","040131096034","55","7"
"1415","G04001301096041","040131096041","56","7"
"1416","G04001301096042","040131096042","63","8"
"1417","G04001301097021","040131097021","63","8"
"1418","G04001301097022","040131097022","62","8"
"1419","G04001301097023","040131097023","56","7"
"1420","G04001301097031","040131097031","56","7"
"1421","G04001301097032","040131097032","63","8"
"1422","G04001301097041","040131097041","65","8"
"1423","G04001301097042","040131097042","67","8"
"1424","G04001301097051","040131097051","49","6"
"1425","G04001301097052","040131097052","59","8"
"1426","G04001301097061","040131097061","60","8"
"1427","G04001301097071","040131097071","36","4"
"1428","G04001301097072","040131097072","37","5"
"1429","G04001301097073","040131097073","38","5"
"1430","G04001301098011","040131098011","71","9"
"1431","G04001301098012","040131098012","71","9"
"1432","G04001301098021","040131098021","58","8"
"1433","G04001301098022","040131098022","61","8"
"1434","G04001301098023","040131098023","57","7"
"1435","G04001301099001","040131099001","67","8"
"1436","G04001301099002","040131099002","70","9"
"1437","G04001301099003","040131099003","65","8"
"1438","G04001301099004","040131099004","62","8"
"1439","G04001301100011","040131100011","64","8"
"1440","G04001301100012","040131100012","53","7"
"1441","G04001301100021","040131100021","58","8"
"1442","G04001301100022","040131100022","64","8"
"1443","G04001301101001","040131101001","69","9"
"1444","G04001301101002","040131101002","69","9"
"1445","G04001301101003","040131101003","66","8"
"1446","G04001301101004","040131101004","67","8"
"1447","G04001301104001","040131104001","31","4"
"1448","G04001301104002","040131104002","26","3"
"1449","G04001301104003","040131104003","30","3"
"1450","G04001301104004","040131104004","33","4"
"1451","G04001301105011","040131105011","43","6"
"1452","G04001301105012","040131105012","67","8"
"1453","G04001301105013","040131105013","25","3"
"1454","G04001301105021","040131105021","42","5"
"1455","G04001301105022","040131105022","37","5"
"1456","G04001301106001","040131106001","31","4"
"1457","G04001301106002","040131106002","37","5"
"1458","G04001301106003","040131106003","43","6"
"1459","G04001301106004","040131106004","37","5"
"1460","G04001301107011","040131107011","40","5"
"1461","G04001301107012","040131107012","39","5"
"1462","G04001301107021","040131107021","33","4"
"1463","G04001301107022","040131107022","33","4"
"1464","G04001301108011","040131108011","25","3"
"1465","G04001301108012","040131108012","22","2"
"1466","G04001301108013","040131108013","24","2"
"1467","G04001301108021","040131108021","33","4"
"1468","G04001301108022","040131108022","26","3"
"1469","G04001301109011","040131109011","12","1"
"1470","G04001301109012","040131109012","31","4"
"1471","G04001301109021","040131109021","18","2"
"1472","G04001301109022","040131109022","15","1"
"1473","G04001301110001","040131110001","11","1"
"1474","G04001301110002","040131110002","13","1"
"1475","G04001301110003","040131110003","9","1"
"1476","G04001301110004","040131110004","15","1"
"1477","G04001301110005","040131110005","10","1"
"1478","G04001301111001","040131111001","6","1"
"1479","G04001301111002","040131111002","10","1"
"1480","G04001301111003","040131111003","8","1"
"1481","G04001301112011","040131112011","64","8"
"1482","G04001301112012","040131112012","31","4"
"1483","G04001301112013","040131112013","45","6"
"1484","G04001301112014","040131112014","20","2"
"1485","G04001301112021","040131112021","34","4"
"1486","G04001301112031","040131112031","37","5"
"1487","G04001301112041","040131112041","41","5"
"1488","G04001301113001","040131113001","33","4"
"1489","G04001301113002","040131113002","33","4"
"1490","G04001301113003","040131113003","34","4"
"1491","G04001301113004","040131113004","33","4"
"1492","G04001301113005","040131113005","33","4"
"1493","G04001301114011","040131114011","42","5"
"1494","G04001301114012","040131114012","43","6"
"1495","G04001301114021","040131114021","33","4"
"1496","G04001301114022","040131114022","30","3"
"1497","G04001301115011","040131115011","47","6"
"1498","G04001301115021","040131115021","51","7"
"1499","G04001301115022","040131115022","54","7"
"1500","G04001301115023","040131115023","47","6"
"1501","G04001301115024","040131115024","55","7"
"1502","G04001301116011","040131116011","47","6"
"1503","G04001301116012","040131116012","50","7"
"1504","G04001301116021","040131116021","52","7"
"1505","G04001301116022","040131116022","48","6"
"1506","G04001301116023","040131116023","48","6"
"1507","G04001301117001","040131117001","27","3"
"1508","G04001301117002","040131117002","28","3"
"1509","G04001301117003","040131117003","28","3"
"1510","G04001301117004","040131117004","25","3"
"1511","G04001301118001","040131118001","24","2"
"1512","G04001301118002","040131118002","16","2"
"1513","G04001301118003","040131118003","20","2"
"1514","G04001301118004","040131118004","31","4"
"1515","G04001301119001","040131119001","21","2"
"1516","G04001301119002","040131119002","6","1"
"1517","G04001301119003","040131119003","24","2"
"1518","G04001301121001","040131121001","59","8"
"1519","G04001301121002","040131121002","63","8"
"1520","G04001301121003","040131121003","59","8"
"1521","G04001301122011","040131122011","70","9"
"1522","G04001301122012","040131122012","66","8"
"1523","G04001301122021","040131122021","54","7"
"1524","G04001301122022","040131122022","58","8"
"1525","G04001301122023","040131122023","67","8"
"1526","G04001301123011","040131123011","67","8"
"1527","G04001301123012","040131123012","59","8"
"1528","G04001301123013","040131123013","56","7"
"1529","G04001301123021","040131123021","60","8"
"1530","G04001301123022","040131123022","60","8"
"1531","G04001301123023","040131123023","60","8"
"1532","G04001301123024","040131123024","61","8"
"1533","G04001301123025","040131123025","62","8"
"1534","G04001301124011","040131124011","68","9"
"1535","G04001301124012","040131124012","63","8"
"1536","G04001301124013","040131124013","72","9"
"1537","G04001301124021","040131124021","57","7"
"1538","G04001301124022","040131124022","54","7"
"1539","G04001301124023","040131124023","56","7"
"1540","G04001301125021","040131125021","58","8"
"1541","G04001301125022","040131125022","61","8"
"1542","G04001301125023","040131125023","57","7"
"1543","G04001301125041","040131125041","51","7"
"1544","G04001301125042","040131125042","61","8"
"1545","G04001301125071","040131125071","87","10"
"1546","G04001301125072","040131125072","87","10"
"1547","G04001301125081","040131125081","34","4"
"1548","G04001301125101","040131125101","42","5"
"1549","G04001301125102","040131125102","35","4"
"1550","G04001301125103","040131125103","43","6"
"1551","G04001301125121","040131125121","44","6"
"1552","G04001301125122","040131125122","44","6"
"1553","G04001301125141","040131125141","48","6"
"1554","G04001301125142","040131125142","33","4"
"1555","G04001301125151","040131125151","47","6"
"1556","G04001301125152","040131125152","37","5"
"1557","G04001301125153","040131125153","46","6"
"1558","G04001301125161","040131125161","PH","PH"
"1559","G04001301125162","040131125162","55","7"
"1560","G04001301125163","040131125163","63","8"
"1561","G04001301125171","040131125171","45","6"
"1562","G04001301125172","040131125172","42","5"
"1563","G04001301125173","040131125173","43","6"
"1564","G04001301125181","040131125181","45","6"
"1565","G04001301125182","040131125182","32","4"
"1566","G04001301125191","040131125191","64","8"
"1567","G04001301125192","040131125192","64","8"
"1568","G04001301125201","040131125201","54","7"
"1569","G04001301125202","040131125202","48","6"
"1570","G04001301125211","040131125211","37","5"
"1571","G04001301125212","040131125212","37","5"
"1572","G04001301125221","040131125221","34","4"
"1573","G04001301125222","040131125222","34","4"
"1574","G04001301125223","040131125223","34","4"
"1575","G04001301125231","040131125231","59","8"
"1576","G04001301125232","040131125232","PH","PH"
"1577","G04001301125233","040131125233","51","7"
"1578","G04001301125241","040131125241","64","8"
"1579","G04001301125242","040131125242","64","8"
"1580","G04001301125243","040131125243","PH","PH"
"1581","G04001301126011","040131126011","75","9"
"1582","G04001301126012","040131126012","64","8"
"1583","G04001301126021","040131126021","34","4"
"1584","G04001301126022","040131126022","39","5"
"1585","G04001301126023","040131126023","36","4"
"1586","G04001301126024","040131126024","40","5"
"1587","G04001301127001","040131127001","69","9"
"1588","G04001301127002","040131127002","77","9"
"1589","G04001301127003","040131127003","67","8"
"1590","G04001301127004","040131127004","57","7"
"1591","G04001301129001","040131129001","18","2"
"1592","G04001301129002","040131129002","52","7"
"1593","G04001301129003","040131129003","27","3"
"1594","G04001301129004","040131129004","58","8"
"1595","G04001301130001","040131130001","25","3"
"1596","G04001301130002","040131130002","18","2"
"1597","G04001301131001","040131131001","47","6"
"1598","G04001301131002","040131131002","47","6"
"1599","G04001301131003","040131131003","GQ","GQ"
"1600","G04001301132011","040131132011","33","4"
"1601","G04001301132012","040131132012","48","6"
"1602","G04001301132021","040131132021","34","4"
"1603","G04001301132022","040131132022","56","7"
"1604","G04001301132041","040131132041","47","6"
"1605","G04001301132042","040131132042","37","5"
"1606","G04001301132043","040131132043","36","4"
"1607","G04001301133011","040131133011","51","7"
"1608","G04001301133012","040131133012","51","7"
"1609","G04001301133013","040131133013","51","7"
"1610","G04001301133014","040131133014","51","7"
"1611","G04001301135021","040131135021","58","8"
"1612","G04001301135031","040131135031","47","6"
"1613","G04001301135032","040131135032","56","7"
"1614","G04001301135033","040131135033","PH","PH"
"1615","G04001301136011","040131136011","59","8"
"1616","G04001301136012","040131136012","PH","PH"
"1617","G04001301136013","040131136013","52","7"
"1618","G04001301136021","040131136021","87","10"
"1619","G04001301136022","040131136022","83","10"
"1620","G04001301137011","040131137011","32","4"
"1621","G04001301137012","040131137012","37","5"
"1622","G04001301137013","040131137013","40","5"
"1623","G04001301137014","040131137014","38","5"
"1624","G04001301137021","040131137021","46","6"
"1625","G04001301137022","040131137022","48","6"
"1626","G04001301138001","040131138001","PH","PH"
"1627","G04001301138002","040131138002","59","8"
"1628","G04001301138003","040131138003","53","7"
"1629","G04001301138004","040131138004","59","8"
"1630","G04001301138005","040131138005","GQ","GQ"
"1631","G04001301138006","040131138006","PH","PH"
"1632","G04001301138007","040131138007","66","8"
"1633","G04001301139001","040131139001","76","9"
"1634","G04001301139002","040131139002","72","9"
"1635","G04001301140001","040131140001","39","5"
"1636","G04001301140002","040131140002","PH","PH"
"1637","G04001301140003","040131140003","31","4"
"1638","G04001301140004","040131140004","36","4"
"1639","G04001301141001","040131141001","GQ","GQ"
"1640","G04001301142001","040131142001","62","8"
"1641","G04001301143011","040131143011","GQ","GQ"
"1642","G04001301143021","040131143021","74","9"
"1643","G04001301143022","040131143022","75","9"
"1644","G04001301144011","040131144011","74","9"
"1645","G04001301144021","040131144021","54","7"
"1646","G04001301144022","040131144022","64","8"
"1647","G04001301145001","040131145001","84","10"
"1648","G04001301145002","040131145002","84","10"
"1649","G04001301145003","040131145003","84","10"
"1650","G04001301146001","040131146001","69","9"
"1651","G04001301147041","040131147041","40","5"
"1652","G04001301147051","040131147051","GQ-PH","GQ-PH"
"1653","G04001301148001","040131148001","64","8"
"1654","G04001301148002","040131148002","63","8"
"1655","G04001301148003","040131148003","64","8"
"1656","G04001301149001","040131149001","58","8"
"1657","G04001301149002","040131149002","54","7"
"1658","G04001301149003","040131149003","GQ","GQ"
"1659","G04001301152001","040131152001","PH","PH"
"1660","G04001301152002","040131152002","54","7"
"1661","G04001301152003","040131152003","46","6"
"1662","G04001301153001","040131153001","66","8"
"1663","G04001301153002","040131153002","61","8"
"1664","G04001301154001","040131154001","79","9"
"1665","G04001301154002","040131154002","79","9"
"1666","G04001301155001","040131155001","76","9"
"1667","G04001301155002","040131155002","78","9"
"1668","G04001301156001","040131156001","51","7"
"1669","G04001301156002","040131156002","57","7"
"1670","G04001301157001","040131157001","59","8"
"1671","G04001301157002","040131157002","45","6"
"1672","G04001301157003","040131157003","48","6"
"1673","G04001301157004","040131157004","48","6"
"1674","G04001301158011","040131158011","53","7"
"1675","G04001301158012","040131158012","53","7"
"1676","G04001301158021","040131158021","62","8"
"1677","G04001301158022","040131158022","68","9"
"1678","G04001301159001","040131159001","60","8"
"1679","G04001301159002","040131159002","61","8"
"1680","G04001301159003","040131159003","57","7"
"1681","G04001301160001","040131160001","44","6"
"1682","G04001301160002","040131160002","58","8"
"1683","G04001301160003","040131160003","41","5"
"1684","G04001301160004","040131160004","42","5"
"1685","G04001301161001","040131161001","57","7"
"1686","G04001301161002","040131161002","39","5"
"1687","G04001301161003","040131161003","49","6"
"1688","G04001301162021","040131162021","45","6"
"1689","G04001301162022","040131162022","54","7"
"1690","G04001301162023","040131162023","46","6"
"1691","G04001301162024","040131162024","48","6"
"1692","G04001301162031","040131162031","33","4"
"1693","G04001301162032","040131162032","30","3"
"1694","G04001301162033","040131162033","29","3"
"1695","G04001301162041","040131162041","56","7"
"1696","G04001301162042","040131162042","58","8"
"1697","G04001301162043","040131162043","54","7"
"1698","G04001301162051","040131162051","57","7"
"1699","G04001301162052","040131162052","57","7"
"1700","G04001301162053","040131162053","57","7"
"1701","G04001301163001","040131163001","67","8"
"1702","G04001301163002","040131163002","53","7"
"1703","G04001301163003","040131163003","40","5"
"1704","G04001301164001","040131164001","47","6"
"1705","G04001301164002","040131164002","47","6"
"1706","G04001301164003","040131164003","47","6"
"1707","G04001301164004","040131164004","47","6"
"1708","G04001301165001","040131165001","55","7"
"1709","G04001301165002","040131165002","52","7"
"1710","G04001301165003","040131165003","46","6"
"1711","G04001301166051","040131166051","36","4"
"1712","G04001301166052","040131166052","39","5"
"1713","G04001301166053","040131166053","39","5"
"1714","G04001301166054","040131166054","35","4"
"1715","G04001301166061","040131166061","43","6"
"1716","G04001301166062","040131166062","40","5"
"1717","G04001301166063","040131166063","42","5"
"1718","G04001301166071","040131166071","38","5"
"1719","G04001301166072","040131166072","37","5"
"1720","G04001301166101","040131166101","30","3"
"1721","G04001301166102","040131166102","37","5"
"1722","G04001301166103","040131166103","29","3"
"1723","G04001301166111","040131166111","21","2"
"1724","G04001301166112","040131166112","22","2"
"1725","G04001301166121","040131166121","31","4"
"1726","G04001301166122","040131166122","25","3"
"1727","G04001301166123","040131166123","30","3"
"1728","G04001301166141","040131166141","52","7"
"1729","G04001301166151","040131166151","51","7"
"1730","G04001301166152","040131166152","55","7"
"1731","G04001301166161","040131166161","37","5"
"1732","G04001301166162","040131166162","39","5"
"1733","G04001301166171","040131166171","38","5"
"1734","G04001301166172","040131166172","45","6"
"1735","G04001301166181","040131166181","38","5"
"1736","G04001301166182","040131166182","43","6"
"1737","G04001301166191","040131166191","32","4"
"1738","G04001301166192","040131166192","22","2"
"1739","G04001301166201","040131166201","25","3"
"1740","G04001301166202","040131166202","27","3"
"1741","G04001301166203","040131166203","36","4"
"1742","G04001301166204","040131166204","28","3"
"1743","G04001301166205","040131166205","34","4"
"1744","G04001301166211","040131166211","31","4"
"1745","G04001301166212","040131166212","23","2"
"1746","G04001301167031","040131167031","24","3"
"1747","G04001301167032","040131167032","41","5"
"1748","G04001301167033","040131167033","23","2"
"1749","G04001301167071","040131167071","37","5"
"1750","G04001301167072","040131167072","30","3"
"1751","G04001301167081","040131167081","27","3"
"1752","G04001301167082","040131167082","37","5"
"1753","G04001301167083","040131167083","42","5"
"1754","G04001301167084","040131167084","37","5"
"1755","G04001301167091","040131167091","25","3"
"1756","G04001301167092","040131167092","53","7"
"1757","G04001301167101","040131167101","12","1"
"1758","G04001301167102","040131167102","7","1"
"1759","G04001301167103","040131167103","19","2"
"1760","G04001301167111","040131167111","31","4"
"1761","G04001301167112","040131167112","20","2"
"1762","G04001301167121","040131167121","29","3"
"1763","G04001301167122","040131167122","38","5"
"1764","G04001301167123","040131167123","30","3"
"1765","G04001301167131","040131167131","42","5"
"1766","G04001301167132","040131167132","13","1"
"1767","G04001301167133","040131167133","17","2"
"1768","G04001301167134","040131167134","19","2"
"1769","G04001301167135","040131167135","17","2"
"1770","G04001301167141","040131167141","24","3"
"1771","G04001301167142","040131167142","22","2"
"1772","G04001301167151","040131167151","23","2"
"1773","G04001301167152","040131167152","45","6"
"1774","G04001301167171","040131167171","47","6"
"1775","G04001301167172","040131167172","43","6"
"1776","G04001301167181","040131167181","30","3"
"1777","G04001301167182","040131167182","41","5"
"1778","G04001301167191","040131167191","21","2"
"1779","G04001301167192","040131167192","28","3"
"1780","G04001301167193","040131167193","20","2"
"1781","G04001301167194","040131167194","23","2"
"1782","G04001301167201","040131167201","33","4"
"1783","G04001301167202","040131167202","29","3"
"1784","G04001301167203","040131167203","28","3"
"1785","G04001301167211","040131167211","25","3"
"1786","G04001301167212","040131167212","26","3"
"1787","G04001301167251","040131167251","15","1"
"1788","G04001301167252","040131167252","35","4"
"1789","G04001301167253","040131167253","13","1"
"1790","G04001301167254","040131167254","17","2"
"1791","G04001301167271","040131167271","17","2"
"1792","G04001301167272","040131167272","16","2"
"1793","G04001301167273","040131167273","15","1"
"1794","G04001301167281","040131167281","11","1"
"1795","G04001301167282","040131167282","8","1"
"1796","G04001301167283","040131167283","5","1"
"1797","G04001301167291","040131167291","21","2"
"1798","G04001301167292","040131167292","11","1"
"1799","G04001301167293","040131167293","9","1"
"1800","G04001301167301","040131167301","13","1"
"1801","G04001301167311","040131167311","18","2"
"1802","G04001301167312","040131167312","11","1"
"1803","G04001301167321","040131167321","39","5"
"1804","G04001301167322","040131167322","34","4"
"1805","G04001301167323","040131167323","27","3"
"1806","G04001301167331","040131167331","PH","PH"
"1807","G04001301167341","040131167341","39","5"
"1808","G04001301167351","040131167351","37","5"
"1809","G04001301167352","040131167352","58","8"
"1810","G04001301167361","040131167361","53","7"
"1811","G04001301167362","040131167362","49","6"
"1812","G04001301167371","040131167371","30","3"
"1813","G04001301167372","040131167372","24","3"
"1814","G04001301167381","040131167381","36","4"
"1815","G04001301167382","040131167382","25","3"
"1816","G04001301167383","040131167383","24","3"
"1817","G04001301168001","040131168001","PH","PH"
"1818","G04001301168002","040131168002","PH","PH"
"1819","G04001301168003","040131168003","54","7"
"1820","G04001301168004","040131168004","54","7"
"1821","G04001301169001","040131169001","36","4"
"1822","G04001301170001","040131170001","50","7"
"1823","G04001301170002","040131170002","51","7"
"1824","G04001301170003","040131170003","51","7"
"1825","G04001301171001","040131171001","39","5"
"1826","G04001301171002","040131171002","37","5"
"1827","G04001301172001","040131172001","PH","PH"
"1828","G04001301172002","040131172002","PH","PH"
"1829","G04001301172003","040131172003","62","8"
"1830","G04001301173001","040131173001","69","9"
"1831","G04001301173002","040131173002","73","9"
"1832","G04001302168061","040132168061","16","2"
"1833","G04001302168062","040132168062","13","1"
"1834","G04001302168071","040132168071","9","1"
"1835","G04001302168072","040132168072","8","1"
"1836","G04001302168073","040132168073","4","1"
"1837","G04001302168091","040132168091","6","1"
"1838","G04001302168092","040132168092","4","1"
"1839","G04001302168093","040132168093","5","1"
"1840","G04001302168101","040132168101","42","5"
"1841","G04001302168131","040132168131","8","1"
"1842","G04001302168132","040132168132","8","1"
"1843","G04001302168133","040132168133","9","1"
"1844","G04001302168134","040132168134","8","1"
"1845","G04001302168161","040132168161","8","1"
"1846","G04001302168162","040132168162","3","1"
"1847","G04001302168163","040132168163","7","1"
"1848","G04001302168191","040132168191","15","1"
"1849","G04001302168192","040132168192","22","2"
"1850","G04001302168193","040132168193","11","1"
"1851","G04001302168201","040132168201","19","2"
"1852","G04001302168202","040132168202","33","4"
"1853","G04001302168203","040132168203","25","3"
"1854","G04001302168211","040132168211","11","1"
"1855","G04001302168212","040132168212","7","1"
"1856","G04001302168213","040132168213","12","1"
"1857","G04001302168214","040132168214","7","1"
"1858","G04001302168221","040132168221","3","1"
"1859","G04001302168222","040132168222","4","1"
"1860","G04001302168223","040132168223","2","1"
"1861","G04001302168261","040132168261","29","3"
"1862","G04001302168262","040132168262","21","2"
"1863","G04001302168263","040132168263","42","5"
"1864","G04001302168264","040132168264","22","2"
"1865","G04001302168291","040132168291","4","1"
"1866","G04001302168292","040132168292","6","1"
"1867","G04001302168293","040132168293","4","1"
"1868","G04001302168294","040132168294","3","1"
"1869","G04001302168301","040132168301","37","5"
"1870","G04001302168302","040132168302","10","1"
"1871","G04001302168311","040132168311","3","1"
"1872","G04001302168312","040132168312","10","1"
"1873","G04001302168321","040132168321","17","2"
"1874","G04001302168322","040132168322","17","2"
"1875","G04001302168331","040132168331","12","1"
"1876","G04001302168332","040132168332","7","1"
"1877","G04001302168333","040132168333","10","1"
"1878","G04001302168341","040132168341","7","1"
"1879","G04001302168342","040132168342","7","1"
"1880","G04001302168351","040132168351","17","2"
"1881","G04001302168352","040132168352","17","2"
"1882","G04001302168361","040132168361","3","1"
"1883","G04001302168362","040132168362","21","2"
"1884","G04001302168371","040132168371","21","2"
"1885","G04001302168372","040132168372","21","2"
"1886","G04001302168373","040132168373","29","3"
"1887","G04001302168381","040132168381","12","1"
"1888","G04001302168382","040132168382","9","1"
"1889","G04001302168383","040132168383","10","1"
"1890","G04001302168391","040132168391","13","1"
"1891","G04001302168392","040132168392","12","1"
"1892","G04001302168393","040132168393","5","1"
"1893","G04001302168401","040132168401","11","1"
"1894","G04001302168402","040132168402","4","1"
"1895","G04001302168403","040132168403","4","1"
"1896","G04001302168411","040132168411","4","1"
"1897","G04001302168412","040132168412","12","1"
"1898","G04001302168421","040132168421","4","1"
"1899","G04001302168422","040132168422","7","1"
"1900","G04001302168431","040132168431","4","1"
"1901","G04001302168432","040132168432","3","1"
"1902","G04001302168433","040132168433","4","1"
"1903","G04001302168441","040132168441","10","1"
"1904","G04001302168442","040132168442","29","3"
"1905","G04001302168451","040132168451","18","2"
"1906","G04001302168452","040132168452","16","2"
"1907","G04001302168491","040132168491","4","1"
"1908","G04001302168492","040132168492","2","1"
"1909","G04001302168493","040132168493","3","1"
"1910","G04001302168494","040132168494","4","1"
"1911","G04001302168495","040132168495","3","1"
"1912","G04001302168501","040132168501","29","3"
"1913","G04001302168502","040132168502","27","3"
"1914","G04001302168503","040132168503","33","4"
"1915","G04001302168511","040132168511","2","1"
"1916","G04001302168512","040132168512","4","1"
"1917","G04001302168513","040132168513","1","1"
"1918","G04001302168514","040132168514","2","1"
"1919","G04001302168521","040132168521","35","4"
"1920","G04001302168522","040132168522","36","4"
"1921","G04001302168523","040132168523","36","4"
"1922","G04001302168531","040132168531","27","3"
"1923","G04001302168532","040132168532","16","2"
"1924","G04001302168533","040132168533","16","2"
"1925","G04001302168534","040132168534","39","5"
"1926","G04001302168541","040132168541","4","1"
"1927","G04001302168542","040132168542","2","1"
"1928","G04001302168551","040132168551","8","1"
"1929","G04001302168552","040132168552","3","1"
"1930","G04001302168561","040132168561","24","3"
"1931","G04001302168562","040132168562","16","2"
"1932","G04001302168571","040132168571","39","5"
"1933","G04001302168572","040132168572","27","3"
"1934","G04001302168573","040132168573","31","4"
"1935","G04001302168581","040132168581","PH","PH"
"1936","G04001302168591","040132168591","4","1"
"1937","G04001302168592","040132168592","4","1"
"1938","G04001302168593","040132168593","6","1"
"1939","G04001302168601","040132168601","11","1"
"1940","G04001302168602","040132168602","21","2"
"1941","G04001302168611","040132168611","10","1"
"1942","G04001302168612","040132168612","10","1"
"1943","G04001302168613","040132168613","6","1"
"1944","G04001302169011","040132169011","27","3"
"1945","G04001302169012","040132169012","16","2"
"1946","G04001302169013","040132169013","28","3"
"1947","G04001302169021","040132169021","11","1"
"1948","G04001302169022","040132169022","22","2"
"1949","G04001302170011","040132170011","31","4"
"1950","G04001302170012","040132170012","29","3"
"1951","G04001302170013","040132170013","11","1"
"1952","G04001302170014","040132170014","23","2"
"1953","G04001302170015","040132170015","21","2"
"1954","G04001302170016","040132170016","21","2"
"1955","G04001302170021","040132170021","19","2"
"1956","G04001302170022","040132170022","28","3"
"1957","G04001302170023","040132170023","29","3"
"1958","G04001302170024","040132170024","28","3"
"1959","G04001302171011","040132171011","14","1"
"1960","G04001302171012","040132171012","67","8"
"1961","G04001302171013","040132171013","19","2"
"1962","G04001302171021","040132171021","12","1"
"1963","G04001302171022","040132171022","15","1"
"1964","G04001302172011","040132172011","23","2"
"1965","G04001302172012","040132172012","23","2"
"1966","G04001302172031","040132172031","45","6"
"1967","G04001302172032","040132172032","29","3"
"1968","G04001302172033","040132172033","31","4"
"1969","G04001302172034","040132172034","17","2"
"1970","G04001302172041","040132172041","36","4"
"1971","G04001302172042","040132172042","41","5"
"1972","G04001302172043","040132172043","40","5"
"1973","G04001302173001","040132173001","8","1"
"1974","G04001302173002","040132173002","8","1"
"1975","G04001302173003","040132173003","8","1"
"1976","G04001302173004","040132173004","8","1"
"1977","G04001302174001","040132174001","20","2"
"1978","G04001302174002","040132174002","20","2"
"1979","G04001302174003","040132174003","20","2"
"1980","G04001302174004","040132174004","20","2"
"1981","G04001302175011","040132175011","27","3"
"1982","G04001302175012","040132175012","31","4"
"1983","G04001302175013","040132175013","27","3"
"1984","G04001302175021","040132175021","21","2"
"1985","G04001302175022","040132175022","21","2"
"1986","G04001302175023","040132175023","22","2"
"1987","G04001302176001","040132176001","39","5"
"1988","G04001302176002","040132176002","37","5"
"1989","G04001302176003","040132176003","37","5"
"1990","G04001302177001","040132177001","16","2"
"1991","G04001302177002","040132177002","22","2"
"1992","G04001302177003","040132177003","25","3"
"1993","G04001302178001","040132178001","23","2"
"1994","G04001302178002","040132178002","24","3"
"1995","G04001302178003","040132178003","20","2"
"1996","G04001302178004","040132178004","22","2"
"1997","G04001302179001","040132179001","24","3"
"1998","G04001302179002","040132179002","21","2"
"1999","G04001302179003","040132179003","20","2"
"2000","G04001302180001","040132180001","23","2"
"2001","G04001302180002","040132180002","22","2"
"2002","G04001302180003","040132180003","23","2"
"2003","G04001302180004","040132180004","23","2"
"2004","G04001302181001","040132181001","21","2"
"2005","G04001302181002","040132181002","28","3"
"2006","G04001302182001","040132182001","20","2"
"2007","G04001302182002","040132182002","34","4"
"2008","G04001302182003","040132182003","26","3"
"2009","G04001302182004","040132182004","16","2"
"2010","G04001302183001","040132183001","89","10"
"2011","G04001302183002","040132183002","55","7"
"2012","G04001302183003","040132183003","33","4"
"2013","G04001303184001","040133184001","44","6"
"2014","G04001303184002","040133184002","46","6"
"2015","G04001303184003","040133184003","32","4"
"2016","G04001303184004","040133184004","43","6"
"2017","G04001303184005","040133184005","44","6"
"2018","G04001303184006","040133184006","38","5"
"2019","G04001303185011","040133185011","43","6"
"2020","G04001303185012","040133185012","34","4"
"2021","G04001303185013","040133185013","27","3"
"2022","G04001303187001","040133187001","GQ","GQ"
"2023","G04001303187002","040133187002","37","5"
"2024","G04001303188001","040133188001","44","6"
"2025","G04001303188002","040133188002","41","5"
"2026","G04001303188003","040133188003","45","6"
"2027","G04001303188004","040133188004","41","5"
"2028","G04001303189001","040133189001","37","5"
"2029","G04001303189002","040133189002","31","4"
"2030","G04001303189003","040133189003","32","4"
"2031","G04001303189004","040133189004","37","5"
"2032","G04001303190011","040133190011","GQ-PH","GQ-PH"
"2033","G04001303190021","040133190021","GQ","GQ"
"2034","G04001303190022","040133190022","21","2"
"2035","G04001303191011","040133191011","40","5"
"2036","G04001303191012","040133191012","42","5"
"2037","G04001303191013","040133191013","GQ","GQ"
"2038","G04001303191031","040133191031","67","8"
"2039","G04001303191032","040133191032","61","8"
"2040","G04001303191033","040133191033","68","9"
"2041","G04001303191041","040133191041","45","6"
"2042","G04001303191042","040133191042","42","5"
"2043","G04001303191043","040133191043","41","5"
"2044","G04001303191044","040133191044","47","6"
"2045","G04001303192011","040133192011","50","7"
"2046","G04001303192012","040133192012","40","5"
"2047","G04001303192013","040133192013","39","5"
"2048","G04001303192014","040133192014","76","9"
"2049","G04001303192021","040133192021","55","7"
"2050","G04001303192022","040133192022","46","6"
"2051","G04001303193001","040133193001","65","8"
"2052","G04001303193002","040133193002","58","8"
"2053","G04001303194011","040133194011","33","4"
"2054","G04001303194012","040133194012","33","4"
"2055","G04001303194013","040133194013","33","4"
"2056","G04001303194014","040133194014","33","4"
"2057","G04001303194015","040133194015","33","4"
"2058","G04001303194021","040133194021","25","3"
"2059","G04001303194022","040133194022","36","4"
"2060","G04001303194031","040133194031","34","4"
"2061","G04001303194032","040133194032","31","4"
"2062","G04001303194033","040133194033","32","4"
"2063","G04001303194034","040133194034","31","4"
"2064","G04001303194041","040133194041","27","3"
"2065","G04001303194042","040133194042","GQ","GQ"
"2066","G04001303195001","040133195001","34","4"
"2067","G04001303195002","040133195002","33","4"
"2068","G04001303195003","040133195003","35","4"
"2069","G04001303195004","040133195004","35","4"
"2070","G04001303196001","040133196001","15","1"
"2071","G04001303196002","040133196002","26","3"
"2072","G04001303196003","040133196003","28","3"
"2073","G04001303196004","040133196004","20","2"
"2074","G04001303197051","040133197051","38","5"
"2075","G04001303197052","040133197052","46","6"
"2076","G04001303197053","040133197053","44","6"
"2077","G04001303197061","040133197061","37","5"
"2078","G04001303197062","040133197062","33","4"
"2079","G04001303197063","040133197063","35","4"
"2080","G04001303197071","040133197071","PH","PH"
"2081","G04001303197081","040133197081","53","7"
"2082","G04001303197082","040133197082","97","10"
"2083","G04001303197083","040133197083","57","7"
"2084","G04001303197091","040133197091","PH","PH"
"2085","G04001303197101","040133197101","44","6"
"2086","G04001303198011","040133198011","36","4"
"2087","G04001303198012","040133198012","36","4"
"2088","G04001303198013","040133198013","35","4"
"2089","G04001303198021","040133198021","39","5"
"2090","G04001303198022","040133198022","44","6"
"2091","G04001303198023","040133198023","37","5"
"2092","G04001303199021","040133199021","41","5"
"2093","G04001303199022","040133199022","40","5"
"2094","G04001303199031","040133199031","28","3"
"2095","G04001303199032","040133199032","26","3"
"2096","G04001303199033","040133199033","23","2"
"2097","G04001303199034","040133199034","25","3"
"2098","G04001303199041","040133199041","26","3"
"2099","G04001303199042","040133199042","27","3"
"2100","G04001303199043","040133199043","31","4"
"2101","G04001303199051","040133199051","35","4"
"2102","G04001303199052","040133199052","24","3"
"2103","G04001303199053","040133199053","36","4"
"2104","G04001303199054","040133199054","24","3"
"2105","G04001303199061","040133199061","16","2"
"2106","G04001303199062","040133199062","13","1"
"2107","G04001303199071","040133199071","14","1"
"2108","G04001303199072","040133199072","5","1"
"2109","G04001303199081","040133199081","36","4"
"2110","G04001303199091","040133199091","16","2"
"2111","G04001303199101","040133199101","10","1"
"2112","G04001303199102","040133199102","13","1"
"2113","G04001303199103","040133199103","11","1"
"2114","G04001303200011","040133200011","33","4"
"2115","G04001303200012","040133200012","33","4"
"2116","G04001303200013","040133200013","33","4"
"2117","G04001303200014","040133200014","33","4"
"2118","G04001303200015","040133200015","33","4"
"2119","G04001303200021","040133200021","63","8"
"2120","G04001303200022","040133200022","63","8"
"2121","G04001303200023","040133200023","63","8"
"2122","G04001303200024","040133200024","63","8"
"2123","G04001303200071","040133200071","42","5"
"2124","G04001303200072","040133200072","43","6"
"2125","G04001303200073","040133200073","52","7"
"2126","G04001303200074","040133200074","42","5"
"2127","G04001303201001","040133201001","31","4"
"2128","G04001303201002","040133201002","29","3"
"2129","G04001304201041","040134201041","44","6"
"2130","G04001304201042","040134201042","46","6"
"2131","G04001304201043","040134201043","49","6"
"2132","G04001304201051","040134201051","36","4"
"2133","G04001304201052","040134201052","24","3"
"2134","G04001304201053","040134201053","17","2"
"2135","G04001304201054","040134201054","13","1"
"2136","G04001304201071","040134201071","14","1"
"2137","G04001304201072","040134201072","12","1"
"2138","G04001304201073","040134201073","14","1"
"2139","G04001304201081","040134201081","6","1"
"2140","G04001304201091","040134201091","11","1"
"2141","G04001304201092","040134201092","15","1"
"2142","G04001304201093","040134201093","18","2"
"2143","G04001304201101","040134201101","14","1"
"2144","G04001304201102","040134201102","15","1"
"2145","G04001304201111","040134201111","34","4"
"2146","G04001304201112","040134201112","38","5"
"2147","G04001304201113","040134201113","53","7"
"2148","G04001304201121","040134201121","35","4"
"2149","G04001304201122","040134201122","28","3"
"2150","G04001304201131","040134201131","86","10"
"2151","G04001304201132","040134201132","56","7"
"2152","G04001304201141","040134201141","36","4"
"2153","G04001304201142","040134201142","49","6"
"2154","G04001304201143","040134201143","40","5"
"2155","G04001304201144","040134201144","43","6"
"2156","G04001304201151","040134201151","83","10"
"2157","G04001304201152","040134201152","85","10"
"2158","G04001304201153","040134201153","77","9"
"2159","G04001304201161","040134201161","99","10"
"2160","G04001304201162","040134201162","97","10"
"2161","G04001304201163","040134201163","99","10"
"2162","G04001304202021","040134202021","46","6"
"2163","G04001304202022","040134202022","51","7"
"2164","G04001304202023","040134202023","51","7"
"2165","G04001304202061","040134202061","60","8"
"2166","G04001304202062","040134202062","38","5"
"2167","G04001304202063","040134202063","61","8"
"2168","G04001304202071","040134202071","13","1"
"2169","G04001304202072","040134202072","22","2"
"2170","G04001304202081","040134202081","35","4"
"2171","G04001304202082","040134202082","22","2"
"2172","G04001304202083","040134202083","39","5"
"2173","G04001304202091","040134202091","35","4"
"2174","G04001304202092","040134202092","56","7"
"2175","G04001304202093","040134202093","62","8"
"2176","G04001304202101","040134202101","35","4"
"2177","G04001304202102","040134202102","85","10"
"2178","G04001304202103","040134202103","37","5"
"2179","G04001304202104","040134202104","44","6"
"2180","G04001304202111","040134202111","25","3"
"2181","G04001304202112","040134202112","25","3"
"2182","G04001304202121","040134202121","31","4"
"2183","G04001304202122","040134202122","34","4"
"2184","G04001304202131","040134202131","99","10"
"2185","G04001304202141","040134202141","48","6"
"2186","G04001304202142","040134202142","60","8"
"2187","G04001304202143","040134202143","56","7"
"2188","G04001304202144","040134202144","52","7"
"2189","G04001304202151","040134202151","28","3"
"2190","G04001304202161","040134202161","28","3"
"2191","G04001304202162","040134202162","37","5"
"2192","G04001304202163","040134202163","39","5"
"2193","G04001304203011","040134203011","13","1"
"2194","G04001304203021","040134203021","18","2"
"2195","G04001304203022","040134203022","31","4"
"2196","G04001304203023","040134203023","14","1"
"2197","G04001304203031","040134203031","29","3"
"2198","G04001304203032","040134203032","20","2"
"2199","G04001304203041","040134203041","4","1"
"2200","G04001304204011","040134204011","97","10"
"2201","G04001304204012","040134204012","91","10"
"2202","G04001304204013","040134204013","93","10"
"2203","G04001304204021","040134204021","11","1"
"2204","G04001304204022","040134204022","20","2"
"2205","G04001304204023","040134204023","12","1"
"2206","G04001304204024","040134204024","11","1"
"2207","G04001304205031","040134205031","39","5"
"2208","G04001304205032","040134205032","40","5"
"2209","G04001304205041","040134205041","37","5"
"2210","G04001304205042","040134205042","41","5"
"2211","G04001304205051","040134205051","34","4"
"2212","G04001304205052","040134205052","55","7"
"2213","G04001304205061","040134205061","61","8"
"2214","G04001304205062","040134205062","45","6"
"2215","G04001304206021","040134206021","33","4"
"2216","G04001304206022","040134206022","32","4"
"2217","G04001304206023","040134206023","32","4"
"2218","G04001304206031","040134206031","24","3"
"2219","G04001304206032","040134206032","24","3"
"2220","G04001304206041","040134206041","28","3"
"2221","G04001304206042","040134206042","24","3"
"2222","G04001304207041","040134207041","49","6"
"2223","G04001304207042","040134207042","15","1"
"2224","G04001304207043","040134207043","25","3"
"2225","G04001304207051","040134207051","6","1"
"2226","G04001304207052","040134207052","8","1"
"2227","G04001304207061","040134207061","37","5"
"2228","G04001304207062","040134207062","8","1"
"2229","G04001304207063","040134207063","36","4"
"2230","G04001304207071","040134207071","95","10"
"2231","G04001304207072","040134207072","98","10"
"2232","G04001304207081","040134207081","98","10"
"2233","G04001304207082","040134207082","98","10"
"2234","G04001304207083","040134207083","98","10"
"2235","G04001304207091","040134207091","98","10"
"2236","G04001304207092","040134207092","99","10"
"2237","G04001304207093","040134207093","100","10"
"2238","G04001304207101","040134207101","100","10"
"2239","G04001304207102","040134207102","58","8"
"2240","G04001304207103","040134207103","45","6"
"2241","G04001304208001","040134208001","34","4"
"2242","G04001304208002","040134208002","31","4"
"2243","G04001304208003","040134208003","30","3"
"2244","G04001304208004","040134208004","30","3"
"2245","G04001304209011","040134209011","37","5"
"2246","G04001304209012","040134209012","47","6"
"2247","G04001304209021","040134209021","38","5"
"2248","G04001304209022","040134209022","44","6"
"2249","G04001304210011","040134210011","43","6"
"2250","G04001304210012","040134210012","65","8"
"2251","G04001304210021","040134210021","67","8"
"2252","G04001304210022","040134210022","57","7"
"2253","G04001304211011","040134211011","91","10"
"2254","G04001304211012","040134211012","49","6"
"2255","G04001304211013","040134211013","49","6"
"2256","G04001304211021","040134211021","35","4"
"2257","G04001304211022","040134211022","39","5"
"2258","G04001304211023","040134211023","35","4"
"2259","G04001304211024","040134211024","42","5"
"2260","G04001304211025","040134211025","39","5"
"2261","G04001304212011","040134212011","38","5"
"2262","G04001304212012","040134212012","59","8"
"2263","G04001304212013","040134212013","45","6"
"2264","G04001304212021","040134212021","44","6"
"2265","G04001304212022","040134212022","47","6"
"2266","G04001304212023","040134212023","43","6"
"2267","G04001304213021","040134213021","54","7"
"2268","G04001304213022","040134213022","54","7"
"2269","G04001304213023","040134213023","54","7"
"2270","G04001304213024","040134213024","54","7"
"2271","G04001304213025","040134213025","54","7"
"2272","G04001304213031","040134213031","51","7"
"2273","G04001304213032","040134213032","39","5"
"2274","G04001304213033","040134213033","55","7"
"2275","G04001304213041","040134213041","100","10"
"2276","G04001304213042","040134213042","100","10"
"2277","G04001304214001","040134214001","46","6"
"2278","G04001304214002","040134214002","49","6"
"2279","G04001304214003","040134214003","48","6"
"2280","G04001304214004","040134214004","47","6"
"2281","G04001304215011","040134215011","52","7"
"2282","G04001304215012","040134215012","54","7"
"2283","G04001304215013","040134215013","67","8"
"2284","G04001304215021","040134215021","43","6"
"2285","G04001304215022","040134215022","55","7"
"2286","G04001304216011","040134216011","47","6"
"2287","G04001304216012","040134216012","37","5"
"2288","G04001304216021","040134216021","57","7"
"2289","G04001304216022","040134216022","49","6"
"2290","G04001304216023","040134216023","55","7"
"2291","G04001304217011","040134217011","74","9"
"2292","G04001304217012","040134217012","70","9"
"2293","G04001304217013","040134217013","46","6"
"2294","G04001304217021","040134217021","100","10"
"2295","G04001304217022","040134217022","55","7"
"2296","G04001304217023","040134217023","100","10"
"2297","G04001304218011","040134218011","42","5"
"2298","G04001304218012","040134218012","48","6"
"2299","G04001304218021","040134218021","56","7"
"2300","G04001304218022","040134218022","52","7"
"2301","G04001304218023","040134218023","45","6"
"2302","G04001304219011","040134219011","51","7"
"2303","G04001304219012","040134219012","56","7"
"2304","G04001304219021","040134219021","54","7"
"2305","G04001304219022","040134219022","53","7"
"2306","G04001304219023","040134219023","52","7"
"2307","G04001304219024","040134219024","58","8"
"2308","G04001304220011","040134220011","44","6"
"2309","G04001304220012","040134220012","92","10"
"2310","G04001304220021","040134220021","67","8"
"2311","G04001304220022","040134220022","65","8"
"2312","G04001304220023","040134220023","64","8"
"2313","G04001304221021","040134221021","63","8"
"2314","G04001304221022","040134221022","49","6"
"2315","G04001304221023","040134221023","100","10"
"2316","G04001304221031","040134221031","79","9"
"2317","G04001304221032","040134221032","78","9"
"2318","G04001304221033","040134221033","82","9"
"2319","G04001304221041","040134221041","57","7"
"2320","G04001304221042","040134221042","57","7"
"2321","G04001304221043","040134221043","57","7"
"2322","G04001304221044","040134221044","57","7"
"2323","G04001304221045","040134221045","57","7"
"2324","G04001304221051","040134221051","44","6"
"2325","G04001304221052","040134221052","52","7"
"2326","G04001304221061","040134221061","98","10"
"2327","G04001304221062","040134221062","61","8"
"2328","G04001304221063","040134221063","65","8"
"2329","G04001304221071","040134221071","60","8"
"2330","G04001304221072","040134221072","68","9"
"2331","G04001304222031","040134222031","47","6"
"2332","G04001304222032","040134222032","50","7"
"2333","G04001304222033","040134222033","48","6"
"2334","G04001304222091","040134222091","33","4"
"2335","G04001304222092","040134222092","40","5"
"2336","G04001304222093","040134222093","35","4"
"2337","G04001304222094","040134222094","36","4"
"2338","G04001304222095","040134222095","36","4"
"2339","G04001304222101","040134222101","34","4"
"2340","G04001304222102","040134222102","34","4"
"2341","G04001304222103","040134222103","31","4"
"2342","G04001304222111","040134222111","36","4"
"2343","G04001304222112","040134222112","36","4"
"2344","G04001304222121","040134222121","41","5"
"2345","G04001304222122","040134222122","26","3"
"2346","G04001304222123","040134222123","33","4"
"2347","G04001304222131","040134222131","34","4"
"2348","G04001304222132","040134222132","30","3"
"2349","G04001304222151","040134222151","40","5"
"2350","G04001304222161","040134222161","29","3"
"2351","G04001304222162","040134222162","29","3"
"2352","G04001304222163","040134222163","40","5"
"2353","G04001304222164","040134222164","26","3"
"2354","G04001304222171","040134222171","49","6"
"2355","G04001304222172","040134222172","30","3"
"2356","G04001304222181","040134222181","35","4"
"2357","G04001304222182","040134222182","38","5"
"2358","G04001304222191","040134222191","47","6"
"2359","G04001304222192","040134222192","40","5"
"2360","G04001304222193","040134222193","34","4"
"2361","G04001304222201","040134222201","24","3"
"2362","G04001304222202","040134222202","26","3"
"2363","G04001304222211","040134222211","33","4"
"2364","G04001304222212","040134222212","26","3"
"2365","G04001304222213","040134222213","64","8"
"2366","G04001304222221","040134222221","32","4"
"2367","G04001304222222","040134222222","27","3"
"2368","G04001304222231","040134222231","29","3"
"2369","G04001304222232","040134222232","43","6"
"2370","G04001304222241","040134222241","PH","PH"
"2371","G04001304222251","040134222251","PH","PH"
"2372","G04001304222261","040134222261","PH","PH"
"2373","G04001304222271","040134222271","38","5"
"2374","G04001304223011","040134223011","GQ-PH","GQ-PH"
"2375","G04001304223012","040134223012","53","7"
"2376","G04001304223013","040134223013","61","8"
"2377","G04001304223014","040134223014","60","8"
"2378","G04001304223015","040134223015","45","6"
"2379","G04001304223021","040134223021","55","7"
"2380","G04001304223022","040134223022","47","6"
"2381","G04001304223023","040134223023","45","6"
"2382","G04001304223041","040134223041","37","5"
"2383","G04001304223042","040134223042","38","5"
"2384","G04001304223051","040134223051","14","1"
"2385","G04001304223052","040134223052","26","3"
"2386","G04001304223053","040134223053","27","3"
"2387","G04001304223054","040134223054","22","2"
"2388","G04001304223071","040134223071","22","2"
"2389","G04001304223072","040134223072","22","2"
"2390","G04001304223073","040134223073","27","3"
"2391","G04001304223074","040134223074","30","3"
"2392","G04001304223081","040134223081","31","4"
"2393","G04001304223082","040134223082","20","2"
"2394","G04001304223083","040134223083","25","3"
"2395","G04001304223091","040134223091","28","3"
"2396","G04001304223092","040134223092","21","2"
"2397","G04001304223093","040134223093","22","2"
"2398","G04001304224011","040134224011","36","4"
"2399","G04001304224012","040134224012","45","6"
"2400","G04001304224013","040134224013","28","3"
"2401","G04001304224021","040134224021","26","3"
"2402","G04001304224022","040134224022","18","2"
"2403","G04001304224023","040134224023","33","4"
"2404","G04001304224031","040134224031","29","3"
"2405","G04001304224032","040134224032","30","3"
"2406","G04001304224033","040134224033","25","3"
"2407","G04001304224041","040134224041","27","3"
"2408","G04001304224042","040134224042","20","2"
"2409","G04001304225011","040134225011","40","5"
"2410","G04001304225012","040134225012","38","5"
"2411","G04001304225013","040134225013","38","5"
"2412","G04001304225014","040134225014","38","5"
"2413","G04001304225021","040134225021","32","4"
"2414","G04001304225022","040134225022","12","1"
"2415","G04001304225023","040134225023","40","5"
"2416","G04001304225024","040134225024","39","5"
"2417","G04001304225031","040134225031","47","6"
"2418","G04001304225032","040134225032","45","6"
"2419","G04001304225033","040134225033","37","5"
"2420","G04001304225034","040134225034","47","6"
"2421","G04001304225041","040134225041","25","3"
"2422","G04001304225042","040134225042","34","4"
"2423","G04001304225043","040134225043","29","3"
"2424","G04001304225061","040134225061","28","3"
"2425","G04001304225062","040134225062","33","4"
"2426","G04001304225063","040134225063","19","2"
"2427","G04001304225064","040134225064","26","3"
"2428","G04001304225071","040134225071","15","1"
"2429","G04001304225072","040134225072","23","2"
"2430","G04001304225073","040134225073","14","1"
"2431","G04001304225081","040134225081","28","3"
"2432","G04001304225082","040134225082","22","2"
"2433","G04001304225091","040134225091","27","3"
"2434","G04001304225092","040134225092","25","3"
"2435","G04001304225093","040134225093","36","4"
"2436","G04001304225101","040134225101","15","1"
"2437","G04001304225102","040134225102","14","1"
"2438","G04001304225103","040134225103","30","3"
"2439","G04001304225111","040134225111","18","2"
"2440","G04001304225112","040134225112","18","2"
"2441","G04001304225121","040134225121","21","2"
"2442","G04001304225122","040134225122","26","3"
"2443","G04001304225123","040134225123","24","3"
"2444","G04001304225131","040134225131","50","7"
"2445","G04001304225132","040134225132","31","4"
"2446","G04001304225133","040134225133","37","5"
"2447","G04001304225141","040134225141","40","5"
"2448","G04001304225142","040134225142","40","5"
"2449","G04001304226071","040134226071","48","6"
"2450","G04001304226072","040134226072","48","6"
"2451","G04001304226073","040134226073","54","7"
"2452","G04001304226091","040134226091","42","5"
"2453","G04001304226092","040134226092","41","5"
"2454","G04001304226101","040134226101","56","7"
"2455","G04001304226102","040134226102","56","7"
"2456","G04001304226151","040134226151","30","3"
"2457","G04001304226152","040134226152","28","3"
"2458","G04001304226153","040134226153","33","4"
"2459","G04001304226154","040134226154","36","4"
"2460","G04001304226171","040134226171","31","4"
"2461","G04001304226172","040134226172","27","3"
"2462","G04001304226173","040134226173","27","3"
"2463","G04001304226174","040134226174","28","3"
"2464","G04001304226181","040134226181","48","6"
"2465","G04001304226182","040134226182","45","6"
"2466","G04001304226201","040134226201","12","1"
"2467","G04001304226202","040134226202","13","1"
"2468","G04001304226211","040134226211","15","1"
"2469","G04001304226212","040134226212","24","3"
"2470","G04001304226213","040134226213","22","2"
"2471","G04001304226221","040134226221","26","3"
"2472","G04001304226222","040134226222","19","2"
"2473","G04001304226223","040134226223","10","1"
"2474","G04001304226231","040134226231","16","2"
"2475","G04001304226232","040134226232","15","1"
"2476","G04001304226233","040134226233","31","4"
"2477","G04001304226241","040134226241","89","10"
"2478","G04001304226242","040134226242","89","10"
"2479","G04001304226251","040134226251","38","5"
"2480","G04001304226252","040134226252","38","5"
"2481","G04001304226253","040134226253","38","5"
"2482","G04001304226261","040134226261","71","9"
"2483","G04001304226262","040134226262","86","10"
"2484","G04001304226271","040134226271","80","9"
"2485","G04001304226272","040134226272","65","8"
"2486","G04001304226273","040134226273","99","10"
"2487","G04001304226281","040134226281","39","5"
"2488","G04001304226282","040134226282","39","5"
"2489","G04001304226283","040134226283","39","5"
"2490","G04001304226291","040134226291","68","9"
"2491","G04001304226292","040134226292","30","3"
"2492","G04001304226301","040134226301","90","10"
"2493","G04001304226302","040134226302","95","10"
"2494","G04001304226321","040134226321","82","9"
"2495","G04001304226322","040134226322","69","9"
"2496","G04001304226323","040134226323","78","9"
"2497","G04001304226331","040134226331","59","8"
"2498","G04001304226332","040134226332","59","8"
"2499","G04001304226341","040134226341","96","10"
"2500","G04001304226342","040134226342","46","6"
"2501","G04001304226361","040134226361","35","4"
"2502","G04001304226362","040134226362","35","4"
"2503","G04001304226363","040134226363","35","4"
"2504","G04001304226371","040134226371","26","3"
"2505","G04001304226372","040134226372","33","4"
"2506","G04001304226381","040134226381","31","4"
"2507","G04001304226382","040134226382","37","5"
"2508","G04001304226391","040134226391","39","5"
"2509","G04001304226392","040134226392","39","5"
"2510","G04001304226393","040134226393","39","5"
"2511","G04001304226401","040134226401","36","4"
"2512","G04001304226402","040134226402","38","5"
"2513","G04001304226403","040134226403","72","9"
"2514","G04001304226404","040134226404","90","10"
"2515","G04001304226421","040134226421","26","3"
"2516","G04001304226422","040134226422","41","5"
"2517","G04001304226423","040134226423","17","2"
"2518","G04001304226431","040134226431","25","3"
"2519","G04001304226432","040134226432","30","3"
"2520","G04001304226433","040134226433","25","3"
"2521","G04001304226434","040134226434","31","4"
"2522","G04001304226471","040134226471","13","1"
"2523","G04001304226472","040134226472","13","1"
"2524","G04001304226481","040134226481","27","3"
"2525","G04001304226482","040134226482","16","2"
"2526","G04001304226483","040134226483","21","2"
"2527","G04001304226491","040134226491","24","3"
"2528","G04001304226492","040134226492","18","2"
"2529","G04001304226493","040134226493","19","2"
"2530","G04001304226501","040134226501","27","3"
"2531","G04001304226511","040134226511","17","2"
"2532","G04001304226512","040134226512","15","1"
"2533","G04001304226513","040134226513","14","1"
"2534","G04001304226521","040134226521","29","3"
"2535","G04001304226522","040134226522","35","4"
"2536","G04001304226531","040134226531","78","9"
"2537","G04001304226532","040134226532","43","6"
"2538","G04001304226541","040134226541","15","1"
"2539","G04001304226542","040134226542","19","2"
"2540","G04001304226543","040134226543","30","3"
"2541","G04001304226551","040134226551","39","5"
"2542","G04001304226552","040134226552","34","4"
"2543","G04001304226561","040134226561","8","1"
"2544","G04001304226562","040134226562","9","1"
"2545","G04001304226563","040134226563","8","1"
"2546","G04001304226571","040134226571","23","2"
"2547","G04001304226572","040134226572","15","1"
"2548","G04001304226573","040134226573","22","2"
"2549","G04001304226581","040134226581","12","1"
"2550","G04001304226582","040134226582","14","1"
"2551","G04001304226591","040134226591","93","10"
"2552","G04001304226601","040134226601","44","6"
"2553","G04001304226602","040134226602","24","3"
"2554","G04001305228011","040135228011","GQ-PH","GQ-PH"
"2555","G04001305228021","040135228021","GQ","GQ"
"2556","G04001305229011","040135229011","53","7"
"2557","G04001305229012","040135229012","35","4"
"2558","G04001305229013","040135229013","23","2"
"2559","G04001305229031","040135229031","37","5"
"2560","G04001305229032","040135229032","37","5"
"2561","G04001305229033","040135229033","37","5"
"2562","G04001305229041","040135229041","45","6"
"2563","G04001305229042","040135229042","43","6"
"2564","G04001305229043","040135229043","52","7"
"2565","G04001305230021","040135230021","42","5"
"2566","G04001305230022","040135230022","41","5"
"2567","G04001305230023","040135230023","42","5"
"2568","G04001305230024","040135230024","42","5"
"2569","G04001305230051","040135230051","25","3"
"2570","G04001305230052","040135230052","35","4"
"2571","G04001305230053","040135230053","43","6"
"2572","G04001305230061","040135230061","34","4"
"2573","G04001305230062","040135230062","19","2"
"2574","G04001305230063","040135230063","36","4"
"2575","G04001305230064","040135230064","43","6"
"2576","G04001305230071","040135230071","38","5"
"2577","G04001305230072","040135230072","47","6"
"2578","G04001305230081","040135230081","51","7"
"2579","G04001305230082","040135230082","63","8"
"2580","G04001305231021","040135231021","41","5"
"2581","G04001305231022","040135231022","52","7"
"2582","G04001305231023","040135231023","36","4"
"2583","G04001305231024","040135231024","44","6"
"2584","G04001305231031","040135231031","31","4"
"2585","G04001305231032","040135231032","30","3"
"2586","G04001305231033","040135231033","36","4"
"2587","G04001305231034","040135231034","27","3"
"2588","G04001305231041","040135231041","30","3"
"2589","G04001305231042","040135231042","43","6"
"2590","G04001305231043","040135231043","28","3"
"2591","G04001305231044","040135231044","20","2"
"2592","G04001306100011","040136100011","31","4"
"2593","G04001306100021","040136100021","PH","PH"
"2594","G04001306100022","040136100022","GQ","GQ"
"2595","G04001306100023","040136100023","21","2"
"2596","G04001306100024","040136100024","25","3"
"2597","G04001306101001","040136101001","27","3"
"2598","G04001306102011","040136102011","10","1"
"2599","G04001306102012","040136102012","30","3"
"2600","G04001306102021","040136102021","8","1"
"2601","G04001306102022","040136102022","22","2"
"2602","G04001306102023","040136102023","18","2"
"2603","G04001306103011","040136103011","21","2"
"2604","G04001306103012","040136103012","32","4"
"2605","G04001306103021","040136103021","23","2"
"2606","G04001306103022","040136103022","24","3"
"2607","G04001306104001","040136104001","19","2"
"2608","G04001306104002","040136104002","26","3"
"2609","G04001306104003","040136104003","28","3"
"2610","G04001306104004","040136104004","23","2"
"2611","G04001306105001","040136105001","8","1"
"2612","G04001306105002","040136105002","13","1"
"2613","G04001306105003","040136105003","14","1"
"2614","G04001306105004","040136105004","13","1"
"2615","G04001306106001","040136106001","PH","PH"
"2616","G04001306106002","040136106002","23","2"
"2617","G04001306106003","040136106003","18","2"
"2618","G04001306106004","040136106004","21","2"
"2619","G04001306107001","040136107001","17","2"
"2620","G04001306107002","040136107002","16","2"
"2621","G04001306107003","040136107003","18","2"
"2622","G04001306107004","040136107004","16","2"
"2623","G04001306108001","040136108001","23","2"
"2624","G04001306108002","040136108002","PH","PH"
"2625","G04001306108003","040136108003","13","1"
"2626","G04001306109011","040136109011","8","1"
"2627","G04001306109012","040136109012","13","1"
"2628","G04001306109013","040136109013","8","1"
"2629","G04001306109021","040136109021","18","2"
"2630","G04001306109022","040136109022","18","2"
"2631","G04001306109031","040136109031","11","1"
"2632","G04001306110001","040136110001","15","1"
"2633","G04001306111001","040136111001","12","1"
"2634","G04001306111002","040136111002","14","1"
"2635","G04001306112001","040136112001","16","2"
"2636","G04001306112002","040136112002","5","1"
"2637","G04001306112003","040136112003","18","2"
"2638","G04001306112004","040136112004","12","1"
"2639","G04001306113001","040136113001","PH","PH"
"2640","G04001306113002","040136113002","PH","PH"
"2641","G04001306113003","040136113003","20","2"
"2642","G04001306113004","040136113004","15","1"
"2643","G04001306113005","040136113005","14","1"
"2644","G04001306113006","040136113006","12","1"
"2645","G04001306114001","040136114001","14","1"
"2646","G04001306114002","040136114002","23","2"
"2647","G04001306114003","040136114003","16","2"
"2648","G04001306115001","040136115001","13","1"
"2649","G04001306115002","040136115002","12","1"
"2650","G04001306115003","040136115003","13","1"
"2651","G04001306115004","040136115004","14","1"
"2652","G04001306116001","040136116001","13","1"
"2653","G04001306116002","040136116002","9","1"
"2654","G04001306117001","040136117001","19","2"
"2655","G04001306117002","040136117002","7","1"
"2656","G04001306117003","040136117003","16","2"
"2657","G04001306117004","040136117004","15","1"
"2658","G04001306118001","040136118001","28","3"
"2659","G04001306118002","040136118002","28","3"
"2660","G04001306118003","040136118003","31","4"
"2661","G04001306118004","040136118004","29","3"
"2662","G04001306119001","040136119001","16","2"
"2663","G04001306119002","040136119002","29","3"
"2664","G04001306120001","040136120001","10","1"
"2665","G04001306120002","040136120002","14","1"
"2666","G04001306120003","040136120003","22","2"
"2667","G04001306122001","040136122001","21","2"
"2668","G04001306122002","040136122002","11","1"
"2669","G04001306123011","040136123011","21","2"
"2670","G04001306123012","040136123012","44","6"
"2671","G04001306123021","040136123021","14","1"
"2672","G04001306123022","040136123022","25","3"
"2673","G04001306123023","040136123023","14","1"
"2674","G04001306124011","040136124011","23","2"
"2675","G04001306124012","040136124012","19","2"
"2676","G04001306124021","040136124021","19","2"
"2677","G04001306124022","040136124022","11","1"
"2678","G04001306125001","040136125001","12","1"
"2679","G04001306125002","040136125002","17","2"
"2680","G04001306125003","040136125003","19","2"
"2681","G04001306126001","040136126001","27","3"
"2682","G04001306126002","040136126002","26","3"
"2683","G04001306127001","040136127001","18","2"
"2684","G04001306127002","040136127002","12","1"
"2685","G04001306128001","040136128001","16","2"
"2686","G04001306129001","040136129001","16","2"
"2687","G04001306129002","040136129002","16","2"
"2688","G04001306130001","040136130001","9","1"
"2689","G04001306130002","040136130002","7","1"
"2690","G04001306130003","040136130003","3","1"
"2691","G04001306131001","040136131001","8","1"
"2692","G04001306131002","040136131002","7","1"
"2693","G04001306131003","040136131003","8","1"
"2694","G04001306132001","040136132001","9","1"
"2695","G04001306132002","040136132002","9","1"
"2696","G04001306132003","040136132003","9","1"
"2697","G04001306133001","040136133001","5","1"
"2698","G04001306133002","040136133002","15","1"
"2699","G04001306133003","040136133003","18","2"
"2700","G04001306133004","040136133004","16","2"
"2701","G04001306133005","040136133005","18","2"
"2702","G04001306134001","040136134001","38","5"
"2703","G04001306134002","040136134002","27","3"
"2704","G04001306135001","040136135001","45","6"
"2705","G04001306135002","040136135002","19","2"
"2706","G04001306135003","040136135003","38","5"
"2707","G04001306136011","040136136011","24","3"
"2708","G04001306136012","040136136012","35","4"
"2709","G04001306136013","040136136013","27","3"
"2710","G04001306136021","040136136021","13","1"
"2711","G04001306136022","040136136022","7","1"
"2712","G04001306137001","040136137001","21","2"
"2713","G04001306137002","040136137002","26","3"
"2714","G04001306137003","040136137003","18","2"
"2715","G04001306138001","040136138001","11","1"
"2716","G04001306138002","040136138002","25","3"
"2717","G04001306139001","040136139001","19","2"
"2718","G04001306139002","040136139002","23","2"
"2719","G04001306139003","040136139003","23","2"
"2720","G04001306140001","040136140001","22","2"
"2721","G04001306140002","040136140002","24","3"
"2722","G04001306140003","040136140003","15","1"
"2723","G04001306141001","040136141001","28","3"
"2724","G04001306141002","040136141002","18","2"
"2725","G04001306141003","040136141003","27","3"
"2726","G04001306141004","040136141004","17","2"
"2727","G04001306142001","040136142001","16","2"
"2728","G04001306142002","040136142002","18","2"
"2729","G04001306142003","040136142003","16","2"
"2730","G04001306143001","040136143001","13","1"
"2731","G04001306143002","040136143002","12","1"
"2732","G04001306143003","040136143003","16","2"
"2733","G04001306144001","040136144001","50","7"
"2734","G04001306144002","040136144002","29","3"
"2735","G04001306144003","040136144003","75","9"
"2736","G04001306145001","040136145001","38","5"
"2737","G04001306145002","040136145002","38","5"
"2738","G04001306145003","040136145003","38","5"
"2739","G04001306145004","040136145004","38","5"
"2740","G04001306146011","040136146011","49","6"
"2741","G04001306146012","040136146012","47","6"
"2742","G04001306146013","040136146013","46","6"
"2743","G04001306146021","040136146021","43","6"
"2744","G04001306146022","040136146022","41","5"
"2745","G04001306146023","040136146023","45","6"
"2746","G04001306147001","040136147001","98","10"
"2747","G04001306147002","040136147002","62","8"
"2748","G04001306148001","040136148001","43","6"
"2749","G04001306148002","040136148002","48","6"
"2750","G04001306148003","040136148003","49","6"
"2751","G04001306149001","040136149001","27","3"
"2752","G04001306149002","040136149002","20","2"
"2753","G04001306149003","040136149003","29","3"
"2754","G04001306150011","040136150011","6","1"
"2755","G04001306150012","040136150012","6","1"
"2756","G04001306150013","040136150013","7","1"
"2757","G04001306150021","040136150021","QDI","QDI"
"2758","G04001306150022","040136150022","7","1"
"2759","G04001306150023","040136150023","16","2"
"2760","G04001306151001","040136151001","12","1"
"2761","G04001306151002","040136151002","11","1"
"2762","G04001306152011","040136152011","32","4"
"2763","G04001306152012","040136152012","32","4"
"2764","G04001306152021","040136152021","15","1"
"2765","G04001306152022","040136152022","PH","PH"
"2766","G04001306152023","040136152023","15","1"
"2767","G04001306153001","040136153001","89","10"
"2768","G04001306154001","040136154001","49","6"
"2769","G04001306154002","040136154002","50","7"
"2770","G04001306155001","040136155001","44","6"
"2771","G04001306155002","040136155002","40","5"
"2772","G04001306156001","040136156001","39","5"
"2773","G04001306156002","040136156002","38","5"
"2774","G04001306156003","040136156003","36","4"
"2775","G04001306157001","040136157001","22","2"
"2776","G04001306157002","040136157002","29","3"
"2777","G04001306158001","040136158001","26","3"
"2778","G04001306158002","040136158002","23","2"
"2779","G04001306158003","040136158003","27","3"
"2780","G04001306159001","040136159001","26","3"
"2781","G04001306159002","040136159002","30","3"
"2782","G04001306159003","040136159003","17","2"
"2783","G04001306160001","040136160001","31","4"
"2784","G04001306160002","040136160002","GQ","GQ"
"2785","G04001306161001","040136161001","49","6"
"2786","G04001306161002","040136161002","40","5"
"2787","G04001306161003","040136161003","41","5"
"2788","G04001306162001","040136162001","36","4"
"2789","G04001306162002","040136162002","44","6"
"2790","G04001306163001","040136163001","28","3"
"2791","G04001306164001","040136164001","61","8"
"2792","G04001306164002","040136164002","61","8"
"2793","G04001306164003","040136164003","61","8"
"2794","G04001306164004","040136164004","61","8"
"2795","G04001306164005","040136164005","61","8"
"2796","G04001306165001","040136165001","43","6"
"2797","G04001306165002","040136165002","46","6"
"2798","G04001306165003","040136165003","42","5"
"2799","G04001306166001","040136166001","41","5"
"2800","G04001306166002","040136166002","40","5"
"2801","G04001306166003","040136166003","42","5"
"2802","G04001306166004","040136166004","42","5"
"2803","G04001306167001","040136167001","47","6"
"2804","G04001306167002","040136167002","41","5"
"2805","G04001306167003","040136167003","45","6"
"2806","G04001306168001","040136168001","36","4"
"2807","G04001306168002","040136168002","36","4"
"2808","G04001306168003","040136168003","37","5"
"2809","G04001306168004","040136168004","37","5"
"2810","G04001306169001","040136169001","35","4"
"2811","G04001306169002","040136169002","26","3"
"2812","G04001306169003","040136169003","29","3"
"2813","G04001306170011","040136170011","PH","PH"
"2814","G04001306170021","040136170021","30","3"
"2815","G04001306170022","040136170022","80","9"
"2816","G04001306170023","040136170023","56","7"
"2817","G04001306170024","040136170024","44","6"
"2818","G04001306170025","040136170025","33","4"
"2819","G04001306171001","040136171001","24","3"
"2820","G04001306171002","040136171002","24","3"
"2821","G04001306172001","040136172001","21","2"
"2822","G04001306172002","040136172002","22","2"
"2823","G04001306173001","040136173001","28","3"
"2824","G04001306173002","040136173002","30","3"
"2825","G04001306173003","040136173003","28","3"
"2826","G04001306174001","040136174001","49","6"
"2827","G04001306174002","040136174002","40","5"
"2828","G04001306174003","040136174003","37","5"
"2829","G04001306174004","040136174004","55","7"
"2830","G04001306174005","040136174005","75","9"
"2831","G04001306175001","040136175001","43","6"
"2832","G04001306175002","040136175002","49","7"
"2833","G04001306175003","040136175003","50","7"
"2834","G04001306175004","040136175004","41","5"
"2835","G04001306176001","040136176001","40","5"
"2836","G04001306176002","040136176002","33","4"
"2837","G04001306176003","040136176003","35","4"
"2838","G04001306176004","040136176004","39","5"
"2839","G04001306177001","040136177001","11","1"
"2840","G04001306177002","040136177002","16","2"
"2841","G04001306177003","040136177003","16","2"
"2842","G04001306178001","040136178001","15","1"
"2843","G04001306178002","040136178002","14","1"
"2844","G04001306179001","040136179001","41","5"
"2845","G04001306179002","040136179002","41","5"
"2846","G04001306179003","040136179003","41","5"
"2847","G04001306180001","040136180001","31","4"
"2848","G04001306180002","040136180002","39","5"
"2849","G04001306180003","040136180003","39","5"
"2850","G04001306181001","040136181001","40","5"
"2851","G04001306181002","040136181002","38","5"
"2852","G04001306181003","040136181003","33","4"
"2853","G04001306182001","040136182001","43","6"
"2854","G04001306182002","040136182002","44","6"
"2855","G04001306183001","040136183001","32","4"
"2856","G04001306183002","040136183002","37","5"
"2857","G04001306184001","040136184001","59","8"
"2858","G04001306184002","040136184002","51","7"
"2859","G04001306185001","040136185001","39","5"
"2860","G04001306185002","040136185002","46","6"
"2861","G04001306185003","040136185003","45","6"
"2862","G04001306186001","040136186001","46","6"
"2863","G04001306186002","040136186002","51","7"
"2864","G04001306186003","040136186003","45","6"
"2865","G04001306187001","040136187001","40","5"
"2866","G04001306187002","040136187002","52","7"
"2867","G04001306188001","040136188001","54","7"
"2868","G04001306188002","040136188002","54","7"
"2869","G04001306188003","040136188003","54","7"
"2870","G04001306188004","040136188004","54","7"
"2871","G04001306189001","040136189001","44","6"
"2872","G04001306189002","040136189002","46","6"
"2873","G04001306189003","040136189003","37","5"
"2874","G04001306189004","040136189004","37","5"
"2875","G04001306189005","040136189005","44","6"
"2876","G04001306190001","040136190001","55","7"
"2877","G04001306190002","040136190002","41","5"
"2878","G04001306190003","040136190003","51","7"
"2879","G04001306191001","040136191001","13","1"
"2880","G04001306191002","040136191002","13","1"
"2881","G04001306192001","040136192001","41","5"
"2882","G04001306192002","040136192002","41","5"
"2883","G04001306192003","040136192003","42","5"
"2884","G04001306193001","040136193001","71","9"
"2885","G04001306193002","040136193002","71","9"
"2886","G04001306193003","040136193003","72","9"
"2887","G04001306194001","040136194001","48","6"
"2888","G04001306194002","040136194002","46","6"
"2889","G04001306194003","040136194003","46","6"
"2890","G04001306195001","040136195001","53","7"
"2891","G04001306195002","040136195002","43","6"
"2892","G04001306195003","040136195003","46","6"
"2893","G04001306196011","040136196011","PH","PH"
"2894","G04001306196021","040136196021","39","5"
"2895","G04001306197001","040136197001","21","2"
"2896","G04001306197002","040136197002","33","4"
"2897","G04001306197003","040136197003","35","4"
"2898","G04001306198001","040136198001","25","3"
"2899","G04001306198002","040136198002","30","3"
"2900","G04001306198003","040136198003","26","3"
"2901","G04001306199001","040136199001","9","1"
"2902","G04001306199002","040136199002","10","1"
"2903","G04001306199003","040136199003","8","1"
"2904","G04001306199004","040136199004","8","1"
"2905","G04001307233041","040137233041","49","7"
"2906","G04001307233042","040137233042","47","6"
"2907","G04001307233043","040137233043","32","4"
"2908","G04001307233044","040137233044","38","5"
"2909","G04001307233051","040137233051","88","10"
"2910","G04001307233052","040137233052","88","10"
"2911","G04001307233061","040137233061","GQ-PH","GQ-PH"
"2912","G04001307233071","040137233071","23","2"
"2913","G04001307233091","040137233091","29","3"
"2914","G04001307233092","040137233092","26","3"
"2915","G04001307233093","040137233093","32","4"
"2916","G04001307233101","040137233101","21","2"
"2917","G04001307233111","040137233111","28","3"
"2918","G04001307233112","040137233112","21","2"
"2919","G04001308100001","040138100001","18","2"
"2920","G04001308101001","040138101001","11","1"
"2921","G04001308101002","040138101002","17","2"
"2922","G04001308101003","040138101003","6","1"
"2923","G04001308101004","040138101004","9","1"
"2924","G04001308102001","040138102001","25","3"
"2925","G04001308102002","040138102002","16","2"
"2926","G04001308103001","040138103001","28","3"
"2927","G04001308103002","040138103002","42","5"
"2928","G04001308103003","040138103003","33","4"
"2929","G04001308103004","040138103004","35","4"
"2930","G04001308104001","040138104001","12","1"
"2931","G04001308104002","040138104002","23","2"
"2932","G04001308104003","040138104003","26","3"
"2933","G04001308104004","040138104004","24","3"
"2934","G04001308105001","040138105001","20","2"
"2935","G04001308105002","040138105002","38","5"
"2936","G04001308105003","040138105003","18","2"
"2937","G04001308106001","040138106001","25","3"
"2938","G04001308106002","040138106002","19","2"
"2939","G04001308106003","040138106003","18","2"
"2940","G04001308106004","040138106004","29","3"
"2941","G04001308107001","040138107001","36","4"
"2942","G04001308107002","040138107002","37","5"
"2943","G04001308107003","040138107003","38","5"
"2944","G04001308107004","040138107004","39","5"
"2945","G04001308107005","040138107005","36","4"
"2946","G04001308108001","040138108001","17","2"
"2947","G04001308108002","040138108002","9","1"
"2948","G04001308109001","040138109001","30","3"
"2949","G04001308109002","040138109002","24","3"
"2950","G04001308109003","040138109003","32","4"
"2951","G04001308109004","040138109004","27","3"
"2952","G04001308110001","040138110001","14","1"
"2953","G04001308110002","040138110002","27","3"
"2954","G04001308111001","040138111001","38","5"
"2955","G04001308111002","040138111002","37","5"
"2956","G04001308112001","040138112001","46","6"
"2957","G04001308112002","040138112002","52","7"
"2958","G04001308113001","040138113001","26","3"
"2959","G04001308113002","040138113002","22","2"
"2960","G04001308114001","040138114001","22","2"
"2961","G04001308114002","040138114002","22","2"
"2962","G04001308114003","040138114003","29","3"
"2963","G04001308114004","040138114004","22","2"
"2964","G04001308115001","040138115001","23","2"
"2965","G04001308116001","040138116001","26","3"
"2966","G04001308116002","040138116002","36","4"
"2967","G04001308116003","040138116003","29","3"
"2968","G04001308117001","040138117001","21","2"
"2969","G04001308117002","040138117002","46","6"
"2970","G04001308117003","040138117003","68","9"
"2971","G04001308118001","040138118001","9","1"
"2972","G04001308119001","040138119001","24","3"
"2973","G04001308119002","040138119002","25","3"
"2974","G04001308119003","040138119003","23","2"
"2975","G04001308119004","040138119004","24","3"
"2976","G04001308120001","040138120001","21","2"
"2977","G04001308120002","040138120002","21","2"
"2978","G04001308120003","040138120003","22","2"
"2979","G04001308121001","040138121001","32","4"
"2980","G04001308121002","040138121002","36","4"
"2981","G04001308121003","040138121003","20","2"
"2982","G04001308122001","040138122001","16","2"
"2983","G04001308122002","040138122002","19","2"
"2984","G04001308122003","040138122003","18","2"
"2985","G04001308122004","040138122004","16","2"
"2986","G04001308122005","040138122005","18","2"
"2987","G04001308123001","040138123001","20","2"
"2988","G04001308123002","040138123002","6","1"
"2989","G04001308123003","040138123003","26","3"
"2990","G04001308124001","040138124001","24","3"
"2991","G04001308124002","040138124002","21","2"
"2992","G04001308124003","040138124003","21","2"
"2993","G04001308124004","040138124004","21","2"
"2994","G04001308124005","040138124005","PH","PH"
"2995","G04001308124006","040138124006","23","2"
"2996","G04001308125001","040138125001","13","1"
"2997","G04001308126001","040138126001","12","1"
"2998","G04001308126002","040138126002","12","1"
"2999","G04001308126003","040138126003","21","2"
"3000","G04001308127001","040138127001","19","2"
"3001","G04001308127002","040138127002","33","4"
"3002","G04001308127003","040138127003","12","1"
"3003","G04001308127004","040138127004","11","1"
"3004","G04001308128011","040138128011","8","1"
"3005","G04001308128012","040138128012","7","1"
"3006","G04001308128021","040138128021","13","1"
"3007","G04001308128022","040138128022","15","1"
"3008","G04001308128023","040138128023","13","1"
"3009","G04001308129001","040138129001","8","1"
"3010","G04001308129002","040138129002","7","1"
"3011","G04001308130001","040138130001","19","2"
"3012","G04001308130002","040138130002","6","1"
"3013","G04001308130003","040138130003","10","1"
"3014","G04001308130004","040138130004","17","2"
"3015","G04001308131001","040138131001","9","1"
"3016","G04001308131002","040138131002","13","1"
"3017","G04001308132001","040138132001","9","1"
"3018","G04001308132002","040138132002","8","1"
"3019","G04001308133001","040138133001","9","1"
"3020","G04001308133002","040138133002","9","1"
"3021","G04001308133003","040138133003","11","1"
"3022","G04001308134001","040138134001","25","3"
"3023","G04001308134002","040138134002","6","1"
"3024","G04001308134003","040138134003","12","1"
"3025","G04001308134004","040138134004","6","1"
"3026","G04001308135001","040138135001","4","1"
"3027","G04001308135002","040138135002","9","1"
"3028","G04001308135003","040138135003","3","1"
"3029","G04001308136001","040138136001","8","1"
"3030","G04001308136002","040138136002","5","1"
"3031","G04001308136003","040138136003","5","1"
"3032","G04001308137001","040138137001","32","4"
"3033","G04001308137002","040138137002","25","3"
"3034","G04001308138001","040138138001","50","7"
"3035","G04001308138002","040138138002","43","6"
"3036","G04001308138003","040138138003","58","8"
"3037","G04001308139001","040138139001","17","2"
"3038","G04001308139002","040138139002","17","2"
"3039","G04001308139003","040138139003","19","2"
"3040","G04001308140001","040138140001","28","3"
"3041","G04001308140002","040138140002","36","4"
"3042","G04001308140003","040138140003","25","3"
"3043","G04001308141001","040138141001","21","2"
"3044","G04001308141002","040138141002","23","2"
"3045","G04001308141003","040138141003","21","2"
"3046","G04001308142001","040138142001","18","2"
"3047","G04001308142002","040138142002","18","2"
"3048","G04001308143001","040138143001","25","3"
"3049","G04001308143002","040138143002","22","2"
"3050","G04001308143003","040138143003","25","3"
"3051","G04001308144001","040138144001","20","2"
"3052","G04001308144002","040138144002","25","3"
"3053","G04001308145001","040138145001","25","3"
"3054","G04001308145002","040138145002","28","3"
"3055","G04001308145003","040138145003","19","2"
"3056","G04001308145004","040138145004","25","3"
"3057","G04001308146001","040138146001","38","5"
"3058","G04001308146002","040138146002","39","5"
"3059","G04001308146003","040138146003","32","4"
"3060","G04001308147001","040138147001","21","2"
"3061","G04001308147002","040138147002","25","3"
"3062","G04001308148011","040138148011","30","3"
"3063","G04001308148012","040138148012","25","3"
"3064","G04001308148021","040138148021","37","5"
"3065","G04001308148022","040138148022","30","3"
"3066","G04001308148023","040138148023","24","3"
"3067","G04001308149001","040138149001","18","2"
"3068","G04001308149002","040138149002","6","1"
"3069","G04001308150001","040138150001","14","1"
"3070","G04001308150002","040138150002","13","1"
"3071","G04001308150003","040138150003","14","1"
"3072","G04001308151001","040138151001","28","3"
"3073","G04001308151002","040138151002","21","2"
"3074","G04001308151003","040138151003","21","2"
"3075","G04001308152011","040138152011","27","3"
"3076","G04001308152012","040138152012","25","3"
"3077","G04001308152021","040138152021","24","3"
"3078","G04001308152022","040138152022","28","3"
"3079","G04001308152031","040138152031","13","1"
"3080","G04001308152032","040138152032","16","2"
"3081","G04001308153001","040138153001","9","1"
"3082","G04001308153002","040138153002","9","1"
"3083","G04001308154011","040138154011","6","1"
"3084","G04001308154012","040138154012","8","1"
"3085","G04001308154013","040138154013","10","1"
"3086","G04001308154021","040138154021","27","3"
"3087","G04001308154022","040138154022","27","3"
"3088","G04001308154023","040138154023","10","1"
"3089","G04001308155011","040138155011","19","2"
"3090","G04001308155012","040138155012","12","1"
"3091","G04001308155021","040138155021","36","4"
"3092","G04001308155022","040138155022","35","4"
"3093","G04001308156011","040138156011","13","1"
"3094","G04001308156021","040138156021","24","3"
"3095","G04001308156022","040138156022","13","1"
"3096","G04001308156023","040138156023","23","2"
"3097","G04001308156024","040138156024","21","2"
"3098","G04001308157001","040138157001","23","2"
"3099","G04001308157002","040138157002","24","3"
"3100","G04001308158001","040138158001","32","4"
"3101","G04001308158002","040138158002","22","2"
"3102","G04001308158003","040138158003","27","3"
"3103","G04001308159011","040138159011","13","1"
"3104","G04001308159012","040138159012","17","2"
"3105","G04001308159013","040138159013","10","1"
"3106","G04001308159021","040138159021","19","2"
"3107","G04001308159022","040138159022","14","1"
"3108","G04001308159023","040138159023","11","1"
"3109","G04001308160011","040138160011","11","1"
"3110","G04001308160012","040138160012","8","1"
"3111","G04001308160021","040138160021","12","1"
"3112","G04001308160022","040138160022","19","2"
"3113","G04001308160023","040138160023","14","1"
"3114","G04001308160031","040138160031","4","1"
"3115","G04001308160032","040138160032","7","1"
"3116","G04001308160041","040138160041","12","1"
"3117","G04001308160042","040138160042","18","2"
"3118","G04001308160051","040138160051","16","2"
"3119","G04001308160052","040138160052","5","1"
"3120","G04001308160053","040138160053","15","1"
"3121","G04001308161001","040138161001","19","2"
"3122","G04001308161002","040138161002","24","3"
"3123","G04001308161003","040138161003","19","2"
"3124","G04001308161004","040138161004","22","2"
"3125","G04001308162001","040138162001","10","1"
"3126","G04001308162002","040138162002","26","3"
"3127","G04001308162003","040138162003","19","2"
"3128","G04001308163011","040138163011","28","3"
"3129","G04001308163012","040138163012","27","3"
"3130","G04001308163013","040138163013","28","3"
"3131","G04001308163021","040138163021","9","1"
"3132","G04001308163022","040138163022","11","1"
"3133","G04001308164011","040138164011","14","1"
"3134","G04001308164012","040138164012","15","1"
"3135","G04001308164021","040138164021","7","1"
"3136","G04001308164022","040138164022","19","2"
"3137","G04001308164023","040138164023","18","2"
"3138","G04001308165011","040138165011","9","1"
"3139","G04001308165021","040138165021","15","1"
"3140","G04001308165022","040138165022","11","1"
"3141","G04001308166001","040138166001","20","2"
"3142","G04001308166002","040138166002","14","1"
"3143","G04001308167001","040138167001","9","1"
"3144","G04001308168001","040138168001","21","2"
"3145","G04001308168002","040138168002","12","1"
"3146","G04001308168003","040138168003","13","1"
"3147","G04001308169011","040138169011","14","1"
"3148","G04001308169012","040138169012","14","1"
"3149","G04001308169021","040138169021","13","1"
"3150","G04001308169031","040138169031","17","2"
"3151","G04001308169032","040138169032","25","3"
"3152","G04001308169041","040138169041","12","1"
"3153","G04001308169042","040138169042","11","1"
"3154","G04001308170001","040138170001","9","1"
"3155","G04001308170002","040138170002","11","1"
"3156","G04001308171011","040138171011","12","1"
"3157","G04001308171012","040138171012","23","2"
"3158","G04001308171021","040138171021","40","5"
"3159","G04001308171022","040138171022","40","5"
"3160","G04001308171023","040138171023","40","5"
"3161","G04001308171031","040138171031","27","3"
"3162","G04001308171032","040138171032","34","4"
"3163","G04001308171033","040138171033","30","3"
"3164","G04001308172001","040138172001","9","1"
"3165","G04001308172002","040138172002","10","1"
"3166","G04001308172003","040138172003","10","1"
"3167","G04001308172004","040138172004","29","3"
"3168","G04001308172005","040138172005","18","2"
"3169","G04001308173001","040138173001","30","3"
"3170","G04001308173002","040138173002","27","3"
"3171","G04001308173003","040138173003","27","3"
"3172","G04001308174001","040138174001","67","8"
"3173","G04001308174002","040138174002","58","8"
"3174","G04001308175001","040138175001","41","5"
"3175","G04001308175002","040138175002","41","5"
"3176","G04001308176001","040138176001","13","1"
"3177","G04001308176002","040138176002","18","2"
"3178","G04001308176003","040138176003","14","1"
"3179","G04001309407001","040139407001","PH","PH"
"3180","G04001309410001","040139410001","73","9"
"3181","G04001309410002","040139410002","PH","PH"
"3182","G04001309411001","040139411001","PH","PH"
"3183","G04001309412001","040139412001","48","6"
"3184","G04001309413001","040139413001","99","10"
"3185","G04001309413002","040139413002","99","10"
"3186","G04001309413003","040139413003","99","10"
"3187","G04001309413004","040139413004","99","10"
"3188","G04001309801001","040139801001","PH","PH"
"3189","G04001309804001","040139804001","PH","PH"
"3190","G04001309805001","040139805001","PH","PH"
"3191","G04001309807001","040139807001","PH","PH"
"3192","G04001309809001","040139809001","32","4"
"3193","G04001309810001","040139810001","GQ-PH","GQ-PH"
"3194","G04001509404001","040159404001","63","8"
"3195","G04001509405011","040159405011","63","8"
"3196","G04001509405012","040159405012","64","8"
"3197","G04001509405013","040159405013","55","7"
"3198","G04001509501011","040159501011","71","9"
"3199","G04001509501012","040159501012","71","9"
"3200","G04001509501013","040159501013","71","9"
"3201","G04001509501021","040159501021","55","7"
"3202","G04001509501022","040159501022","55","7"
"3203","G04001509501031","040159501031","61","8"
"3204","G04001509501032","040159501032","59","8"
"3205","G04001509504011","040159504011","96","10"
"3206","G04001509504012","040159504012","97","10"
"3207","G04001509504013","040159504013","96","10"
"3208","G04001509504031","040159504031","80","9"
"3209","G04001509504032","040159504032","93","10"
"3210","G04001509504041","040159504041","66","8"
"3211","G04001509504042","040159504042","83","10"
"3212","G04001509505001","040159505001","68","9"
"3213","G04001509505002","040159505002","80","9"
"3214","G04001509506011","040159506011","93","10"
"3215","G04001509506012","040159506012","80","9"
"3216","G04001509506021","040159506021","84","10"
"3217","G04001509506022","040159506022","77","9"
"3218","G04001509506031","040159506031","81","9"
"3219","G04001509506032","040159506032","98","10"
"3220","G04001509507031","040159507031","99","10"
"3221","G04001509507032","040159507032","95","10"
"3222","G04001509507051","040159507051","81","9"
"3223","G04001509507052","040159507052","93","10"
"3224","G04001509507053","040159507053","98","10"
"3225","G04001509507061","040159507061","99","10"
"3226","G04001509507062","040159507062","100","10"
"3227","G04001509507071","040159507071","53","7"
"3228","G04001509507081","040159507081","79","9"
"3229","G04001509507082","040159507082","78","9"
"3230","G04001509507083","040159507083","75","9"
"3231","G04001509507084","040159507084","81","9"
"3232","G04001509514011","040159514011","58","8"
"3233","G04001509514012","040159514012","51","7"
"3234","G04001509514013","040159514013","43","6"
"3235","G04001509514014","040159514014","48","6"
"3236","G04001509514031","040159514031","35","4"
"3237","G04001509514032","040159514032","45","6"
"3238","G04001509514041","040159514041","68","9"
"3239","G04001509514042","040159514042","68","9"
"3240","G04001509515011","040159515011","87","10"
"3241","G04001509515012","040159515012","82","9"
"3242","G04001509515013","040159515013","79","9"
"3243","G04001509515014","040159515014","83","10"
"3244","G04001509515031","040159515031","88","10"
"3245","G04001509515032","040159515032","58","8"
"3246","G04001509515041","040159515041","46","6"
"3247","G04001509515042","040159515042","74","9"
"3248","G04001509516011","040159516011","87","10"
"3249","G04001509516012","040159516012","86","10"
"3250","G04001509516013","040159516013","82","9"
"3251","G04001509516021","040159516021","78","9"
"3252","G04001509516022","040159516022","83","10"
"3253","G04001509516023","040159516023","77","9"
"3254","G04001509516024","040159516024","84","10"
"3255","G04001509517011","040159517011","91","10"
"3256","G04001509517012","040159517012","95","10"
"3257","G04001509517013","040159517013","91","10"
"3258","G04001509517021","040159517021","99","10"
"3259","G04001509517022","040159517022","94","10"
"3260","G04001509518001","040159518001","89","10"
"3261","G04001509518002","040159518002","89","10"
"3262","G04001509518003","040159518003","89","10"
"3263","G04001509518004","040159518004","89","10"
"3264","G04001509519001","040159519001","65","8"
"3265","G04001509519002","040159519002","64","8"
"3266","G04001509519003","040159519003","46","6"
"3267","G04001509519004","040159519004","67","8"
"3268","G04001509520011","040159520011","32","4"
"3269","G04001509520031","040159520031","65","8"
"3270","G04001509520032","040159520032","65","8"
"3271","G04001509520033","040159520033","62","8"
"3272","G04001509520041","040159520041","76","9"
"3273","G04001509520042","040159520042","47","6"
"3274","G04001509520043","040159520043","86","10"
"3275","G04001509520051","040159520051","66","8"
"3276","G04001509520061","040159520061","51","7"
"3277","G04001509520062","040159520062","81","9"
"3278","G04001509520071","040159520071","33","4"
"3279","G04001509520072","040159520072","48","6"
"3280","G04001509524001","040159524001","32","4"
"3281","G04001509524002","040159524002","74","9"
"3282","G04001509524003","040159524003","72","9"
"3283","G04001509524004","040159524004","48","6"
"3284","G04001509525011","040159525011","23","2"
"3285","G04001509525012","040159525012","18","2"
"3286","G04001509525021","040159525021","25","3"
"3287","G04001509525022","040159525022","38","5"
"3288","G04001509526001","040159526001","43","6"
"3289","G04001509526002","040159526002","42","5"
"3290","G04001509526003","040159526003","35","4"
"3291","G04001509526004","040159526004","26","3"
"3292","G04001509527011","040159527011","54","7"
"3293","G04001509527012","040159527012","54","7"
"3294","G04001509527021","040159527021","34","4"
"3295","G04001509527022","040159527022","34","4"
"3296","G04001509528011","040159528011","32","4"
"3297","G04001509528012","040159528012","28","3"
"3298","G04001509528013","040159528013","39","5"
"3299","G04001509528021","040159528021","36","4"
"3300","G04001509528022","040159528022","31","4"
"3301","G04001509529011","040159529011","56","7"
"3302","G04001509529012","040159529012","46","6"
"3303","G04001509529021","040159529021","28","3"
"3304","G04001509529022","040159529022","29","3"
"3305","G04001509530011","040159530011","48","6"
"3306","G04001509530012","040159530012","29","3"
"3307","G04001509530021","040159530021","29","3"
"3308","G04001509530022","040159530022","39","5"
"3309","G04001509531001","040159531001","67","8"
"3310","G04001509531002","040159531002","58","8"
"3311","G04001509531003","040159531003","64","8"
"3312","G04001509532001","040159532001","28","3"
"3313","G04001509532002","040159532002","22","2"
"3314","G04001509532003","040159532003","38","5"
"3315","G04001509533011","040159533011","42","5"
"3316","G04001509533012","040159533012","30","3"
"3317","G04001509533021","040159533021","37","5"
"3318","G04001509533022","040159533022","40","5"
"3319","G04001509534031","040159534031","32","4"
"3320","G04001509534032","040159534032","34","4"
"3321","G04001509534041","040159534041","34","4"
"3322","G04001509534042","040159534042","25","3"
"3323","G04001509534051","040159534051","39","5"
"3324","G04001509534052","040159534052","40","5"
"3325","G04001509534061","040159534061","31","4"
"3326","G04001509534062","040159534062","21","2"
"3327","G04001509536021","040159536021","95","10"
"3328","G04001509536022","040159536022","GQ","GQ"
"3329","G04001509536023","040159536023","64","8"
"3330","G04001509536031","040159536031","70","9"
"3331","G04001509536032","040159536032","60","8"
"3332","G04001509536041","040159536041","39","5"
"3333","G04001509536042","040159536042","46","6"
"3334","G04001509536043","040159536043","34","4"
"3335","G04001509538001","040159538001","72","9"
"3336","G04001509538002","040159538002","79","9"
"3337","G04001509538003","040159538003","80","9"
"3338","G04001509538004","040159538004","79","9"
"3339","G04001509539011","040159539011","68","9"
"3340","G04001509539012","040159539012","63","8"
"3341","G04001509539013","040159539013","62","8"
"3342","G04001509539021","040159539021","67","8"
"3343","G04001509539022","040159539022","68","9"
"3344","G04001509539023","040159539023","48","6"
"3345","G04001509548011","040159548011","67","8"
"3346","G04001509548012","040159548012","40","5"
"3347","G04001509548013","040159548013","57","7"
"3348","G04001509548021","040159548021","75","9"
"3349","G04001509548022","040159548022","GQ","GQ"
"3350","G04001509548023","040159548023","49","7"
"3351","G04001509548024","040159548024","71","9"
"3352","G04001509549001","040159549001","80","9"
"3353","G04001509549002","040159549002","57","7"
"3354","G04001509549003","040159549003","61","8"
"3355","G04001509550011","040159550011","65","8"
"3356","G04001509550012","040159550012","58","8"
"3357","G04001509550021","040159550021","72","9"
"3358","G04001509550022","040159550022","75","9"
"3359","G04001509550023","040159550023","71","9"
"3360","G04001709400081","040179400081","94","10"
"3361","G04001709400082","040179400082","92","10"
"3362","G04001709400101","040179400101","97","10"
"3363","G04001709400102","040179400102","96","10"
"3364","G04001709400103","040179400103","97","10"
"3365","G04001709400111","040179400111","99","10"
"3366","G04001709400112","040179400112","96","10"
"3367","G04001709400113","040179400113","94","10"
"3368","G04001709400121","040179400121","95","10"
"3369","G04001709400131","040179400131","94","10"
"3370","G04001709400132","040179400132","100","10"
"3371","G04001709400133","040179400133","95","10"
"3372","G04001709400141","040179400141","98","10"
"3373","G04001709400142","040179400142","98","10"
"3374","G04001709400143","040179400143","98","10"
"3375","G04001709400151","040179400151","99","10"
"3376","G04001709400152","040179400152","97","10"
"3377","G04001709400153","040179400153","96","10"
"3378","G04001709401001","040179401001","82","9"
"3379","G04001709401002","040179401002","100","10"
"3380","G04001709403011","040179403011","99","10"
"3381","G04001709403012","040179403012","98","10"
"3382","G04001709403013","040179403013","99","10"
"3383","G04001709403021","040179403021","93","10"
"3384","G04001709403022","040179403022","91","10"
"3385","G04001709423001","040179423001","100","10"
"3386","G04001709423002","040179423002","100","10"
"3387","G04001709423003","040179423003","100","10"
"3388","G04001709424001","040179424001","100","10"
"3389","G04001709424002","040179424002","100","10"
"3390","G04001709425001","040179425001","100","10"
"3391","G04001709425002","040179425002","97","10"
"3392","G04001709425003","040179425003","98","10"
"3393","G04001709601001","040179601001","75","9"
"3394","G04001709601002","040179601002","PH","PH"
"3395","G04001709601003","040179601003","90","10"
"3396","G04001709602001","040179602001","78","9"
"3397","G04001709602002","040179602002","81","9"
"3398","G04001709602003","040179602003","PH","PH"
"3399","G04001709602004","040179602004","84","10"
"3400","G04001709604001","040179604001","77","9"
"3401","G04001709604002","040179604002","73","9"
"3402","G04001709604003","040179604003","79","9"
"3403","G04001709604004","040179604004","81","9"
"3404","G04001709605001","040179605001","70","9"
"3405","G04001709605002","040179605002","GQ","GQ"
"3406","G04001709606001","040179606001","78","9"
"3407","G04001709606002","040179606002","86","10"
"3408","G04001709606003","040179606003","85","10"
"3409","G04001709613001","040179613001","72","9"
"3410","G04001709613002","040179613002","39","5"
"3411","G04001709613003","040179613003","78","9"
"3412","G04001709613004","040179613004","65","8"
"3413","G04001709617011","040179617011","48","6"
"3414","G04001709617012","040179617012","51","7"
"3415","G04001709617013","040179617013","50","7"
"3416","G04001709617021","040179617021","66","8"
"3417","G04001709617022","040179617022","47","6"
"3418","G04001709617023","040179617023","79","9"
"3419","G04001709617024","040179617024","69","9"
"3420","G04001709625011","040179625011","63","8"
"3421","G04001709625012","040179625012","PH","PH"
"3422","G04001709625021","040179625021","32","4"
"3423","G04001709625022","040179625022","39","5"
"3424","G04001709633001","040179633001","63","8"
"3425","G04001709633002","040179633002","60","8"
"3426","G04001709633003","040179633003","54","7"
"3427","G04001709634001","040179634001","51","7"
"3428","G04001709634002","040179634002","52","7"
"3429","G04001709637001","040179637001","54","7"
"3430","G04001709637002","040179637002","56","7"
"3431","G04001709638001","040179638001","48","6"
"3432","G04001709638002","040179638002","52","7"
"3433","G04001709642011","040179642011","43","6"
"3434","G04001709642012","040179642012","44","6"
"3435","G04001709642021","040179642021","66","8"
"3436","G04001709648011","040179648011","33","4"
"3437","G04001709648021","040179648021","82","9"
"3438","G04001709648022","040179648022","32","4"
"3439","G04001709649011","040179649011","33","4"
"3440","G04001709649012","040179649012","68","9"
"3441","G04001709649021","040179649021","37","5"
"3442","G04001709652011","040179652011","44","6"
"3443","G04001709652012","040179652012","46","6"
"3444","G04001709652021","040179652021","66","8"
"3445","G04001709652022","040179652022","74","9"
"3446","G04001709653011","040179653011","50","7"
"3447","G04001709653012","040179653012","55","7"
"3448","G04001709653021","040179653021","72","9"
"3449","G04001709653022","040179653022","77","9"
"3450","G04001709653023","040179653023","78","9"
"3451","G04001900001001","040190001001","39","5"
"3452","G04001900001002","040190001002","38","5"
"3453","G04001900002001","040190002001","76","9"
"3454","G04001900002002","040190002002","76","9"
"3455","G04001900002003","040190002003","75","9"
"3456","G04001900002004","040190002004","76","9"
"3457","G04001900003001","040190003001","46","6"
"3458","G04001900003002","040190003002","55","7"
"3459","G04001900004011","040190004011","39","5"
"3460","G04001900004012","040190004012","50","7"
"3461","G04001900004021","040190004021","29","3"
"3462","G04001900004022","040190004022","47","6"
"3463","G04001900005011","040190005011","52","7"
"3464","G04001900005012","040190005012","GQ","GQ"
"3465","G04001900005013","040190005013","GQ","GQ"
"3466","G04001900005021","040190005021","51","7"
"3467","G04001900005022","040190005022","GQ-PH","GQ-PH"
"3468","G04001900005023","040190005023","GQ","GQ"
"3469","G04001900005024","040190005024","GQ-PH","GQ-PH"
"3470","G04001900006001","040190006001","36","4"
"3471","G04001900006002","040190006002","37","5"
"3472","G04001900006003","040190006003","19","2"
"3473","G04001900006004","040190006004","26","3"
"3474","G04001900007001","040190007001","54","7"
"3475","G04001900007002","040190007002","54","7"
"3476","G04001900007003","040190007003","54","7"
"3477","G04001900007004","040190007004","54","7"
"3478","G04001900008001","040190008001","41","5"
"3479","G04001900011001","040190011001","77","9"
"3480","G04001900011002","040190011002","81","9"
"3481","G04001900012001","040190012001","76","9"
"3482","G04001900012002","040190012002","69","9"
"3483","G04001900013021","040190013021","100","10"
"3484","G04001900013022","040190013022","73","9"
"3485","G04001900013031","040190013031","82","9"
"3486","G04001900013032","040190013032","86","10"
"3487","G04001900013041","040190013041","83","10"
"3488","G04001900013042","040190013042","83","10"
"3489","G04001900013043","040190013043","83","10"
"3490","G04001900013044","040190013044","83","10"
"3491","G04001900014001","040190014001","58","8"
"3492","G04001900014002","040190014002","62","8"
"3493","G04001900014003","040190014003","57","7"
"3494","G04001900014004","040190014004","56","7"
"3495","G04001900015001","040190015001","46","6"
"3496","G04001900015002","040190015002","42","5"
"3497","G04001900015003","040190015003","49","7"
"3498","G04001900015004","040190015004","GQ","GQ"
"3499","G04001900016001","040190016001","43","6"
"3500","G04001900016002","040190016002","46","6"
"3501","G04001900016003","040190016003","44","6"
"3502","G04001900016004","040190016004","43","6"
"3503","G04001900017001","040190017001","40","5"
"3504","G04001900017002","040190017002","58","8"
"3505","G04001900018011","040190018011","59","8"
"3506","G04001900018012","040190018012","61","8"
"3507","G04001900018013","040190018013","61","8"
"3508","G04001900018014","040190018014","64","8"
"3509","G04001900018015","040190018015","60","8"
"3510","G04001900018021","040190018021","48","6"
"3511","G04001900018022","040190018022","48","6"
"3512","G04001900018023","040190018023","43","6"
"3513","G04001900019001","040190019001","42","5"
"3514","G04001900019002","040190019002","17","2"
"3515","G04001900019003","040190019003","26","3"
"3516","G04001900020001","040190020001","79","9"
"3517","G04001900020002","040190020002","86","10"
"3518","G04001900020003","040190020003","98","10"
"3519","G04001900020004","040190020004","81","9"
"3520","G04001900020005","040190020005","74","9"
"3521","G04001900021001","040190021001","68","9"
"3522","G04001900021002","040190021002","76","9"
"3523","G04001900021003","040190021003","74","9"
"3524","G04001900022011","040190022011","70","9"
"3525","G04001900022012","040190022012","74","9"
"3526","G04001900022021","040190022021","56","7"
"3527","G04001900022022","040190022022","67","8"
"3528","G04001900023001","040190023001","85","10"
"3529","G04001900023002","040190023002","86","10"
"3530","G04001900023003","040190023003","89","10"
"3531","G04001900024001","040190024001","84","10"
"3532","G04001900024002","040190024002","88","10"
"3533","G04001900024003","040190024003","82","9"
"3534","G04001900024004","040190024004","86","10"
"3535","G04001900025031","040190025031","100","10"
"3536","G04001900025032","040190025032","100","10"
"3537","G04001900025033","040190025033","100","10"
"3538","G04001900025041","040190025041","99","10"
"3539","G04001900025042","040190025042","99","10"
"3540","G04001900025043","040190025043","99","10"
"3541","G04001900025051","040190025051","57","7"
"3542","G04001900025052","040190025052","56","7"
"3543","G04001900025053","040190025053","55","7"
"3544","G04001900025054","040190025054","56","7"
"3545","G04001900025071","040190025071","60","8"
"3546","G04001900025072","040190025072","65","8"
"3547","G04001900025081","040190025081","67","8"
"3548","G04001900025082","040190025082","62","8"
"3549","G04001900025083","040190025083","62","8"
"3550","G04001900025091","040190025091","74","9"
"3551","G04001900025092","040190025092","48","6"
"3552","G04001900025093","040190025093","72","9"
"3553","G04001900026021","040190026021","76","9"
"3554","G04001900026022","040190026022","82","9"
"3555","G04001900026023","040190026023","78","9"
"3556","G04001900026024","040190026024","76","9"
"3557","G04001900026031","040190026031","88","10"
"3558","G04001900026032","040190026032","88","10"
"3559","G04001900026041","040190026041","81","9"
"3560","G04001900026042","040190026042","82","9"
"3561","G04001900026043","040190026043","81","9"
"3562","G04001900027021","040190027021","60","8"
"3563","G04001900027022","040190027022","60","8"
"3564","G04001900027023","040190027023","60","8"
"3565","G04001900027024","040190027024","60","8"
"3566","G04001900027025","040190027025","60","8"
"3567","G04001900027031","040190027031","92","10"
"3568","G04001900027032","040190027032","65","8"
"3569","G04001900027033","040190027033","73","9"
"3570","G04001900027041","040190027041","71","9"
"3571","G04001900027042","040190027042","68","9"
"3572","G04001900028011","040190028011","60","8"
"3573","G04001900028012","040190028012","62","8"
"3574","G04001900028021","040190028021","75","9"
"3575","G04001900028022","040190028022","62","8"
"3576","G04001900028023","040190028023","59","8"
"3577","G04001900028031","040190028031","57","7"
"3578","G04001900028032","040190028032","83","10"
"3579","G04001900029011","040190029011","59","8"
"3580","G04001900029012","040190029012","70","9"
"3581","G04001900029013","040190029013","57","7"
"3582","G04001900029014","040190029014","58","8"
"3583","G04001900029015","040190029015","80","9"
"3584","G04001900029041","040190029041","49","7"
"3585","G04001900029042","040190029042","56","7"
"3586","G04001900029043","040190029043","72","9"
"3587","G04001900029051","040190029051","44","6"
"3588","G04001900029052","040190029052","54","7"
"3589","G04001900029053","040190029053","67","8"
"3590","G04001900029054","040190029054","66","8"
"3591","G04001900029061","040190029061","28","3"
"3592","G04001900029062","040190029062","57","7"
"3593","G04001900030021","040190030021","53","7"
"3594","G04001900030022","040190030022","53","7"
"3595","G04001900030023","040190030023","53","7"
"3596","G04001900030024","040190030024","53","7"
"3597","G04001900030031","040190030031","48","6"
"3598","G04001900030032","040190030032","48","6"
"3599","G04001900030033","040190030033","57","7"
"3600","G04001900030034","040190030034","55","7"
"3601","G04001900030041","040190030041","51","7"
"3602","G04001900031021","040190031021","66","8"
"3603","G04001900031022","040190031022","57","7"
"3604","G04001900031023","040190031023","59","8"
"3605","G04001900031031","040190031031","85","10"
"3606","G04001900031032","040190031032","83","10"
"3607","G04001900031033","040190031033","65","8"
"3608","G04001900031041","040190031041","71","9"
"3609","G04001900031042","040190031042","70","9"
"3610","G04001900031043","040190031043","70","9"
"3611","G04001900032011","040190032011","56","7"
"3612","G04001900032012","040190032012","47","6"
"3613","G04001900032013","040190032013","32","4"
"3614","G04001900032021","040190032021","63","8"
"3615","G04001900032022","040190032022","60","8"
"3616","G04001900032023","040190032023","66","8"
"3617","G04001900033021","040190033021","62","8"
"3618","G04001900033022","040190033022","63","8"
"3619","G04001900033023","040190033023","55","7"
"3620","G04001900033031","040190033031","44","6"
"3621","G04001900033032","040190033032","55","7"
"3622","G04001900033033","040190033033","46","6"
"3623","G04001900033041","040190033041","43","6"
"3624","G04001900033042","040190033042","51","7"
"3625","G04001900033043","040190033043","48","6"
"3626","G04001900034001","040190034001","60","8"
"3627","G04001900034002","040190034002","63","8"
"3628","G04001900034003","040190034003","63","8"
"3629","G04001900034004","040190034004","64","8"
"3630","G04001900034005","040190034005","44","6"
"3631","G04001900035021","040190035021","68","9"
"3632","G04001900035022","040190035022","79","9"
"3633","G04001900035023","040190035023","67","8"
"3634","G04001900035031","040190035031","77","9"
"3635","G04001900035032","040190035032","76","9"
"3636","G04001900035041","040190035041","62","8"
"3637","G04001900035042","040190035042","57","7"
"3638","G04001900035051","040190035051","82","9"
"3639","G04001900035052","040190035052","82","9"
"3640","G04001900035053","040190035053","82","9"
"3641","G04001900035061","040190035061","72","9"
"3642","G04001900035062","040190035062","73","9"
"3643","G04001900035063","040190035063","77","9"
"3644","G04001900036011","040190036011","51","7"
"3645","G04001900036012","040190036012","53","7"
"3646","G04001900036013","040190036013","GQ-PH","GQ-PH"
"3647","G04001900037021","040190037021","59","8"
"3648","G04001900037022","040190037022","53","7"
"3649","G04001900037023","040190037023","61","8"
"3650","G04001900037024","040190037024","56","7"
"3651","G04001900037041","040190037041","75","9"
"3652","G04001900037042","040190037042","75","9"
"3653","G04001900037051","040190037051","78","9"
"3654","G04001900037052","040190037052","77","9"
"3655","G04001900037053","040190037053","72","9"
"3656","G04001900037061","040190037061","58","8"
"3657","G04001900037062","040190037062","54","7"
"3658","G04001900037063","040190037063","54","7"
"3659","G04001900037064","040190037064","56","7"
"3660","G04001900037071","040190037071","73","9"
"3661","G04001900037072","040190037072","71","9"
"3662","G04001900038011","040190038011","86","10"
"3663","G04001900038012","040190038012","80","9"
"3664","G04001900038021","040190038021","83","10"
"3665","G04001900038022","040190038022","72","9"
"3666","G04001900038023","040190038023","85","10"
"3667","G04001900039011","040190039011","79","9"
"3668","G04001900039021","040190039021","75","9"
"3669","G04001900039022","040190039022","75","9"
"3670","G04001900039031","040190039031","79","9"
"3671","G04001900039032","040190039032","72","9"
"3672","G04001900040081","040190040081","55","7"
"3673","G04001900040082","040190040082","67","8"
"3674","G04001900040083","040190040083","73","9"
"3675","G04001900040101","040190040101","60","8"
"3676","G04001900040102","040190040102","67","8"
"3677","G04001900040103","040190040103","61","8"
"3678","G04001900040261","040190040261","55","7"
"3679","G04001900040262","040190040262","51","7"
"3680","G04001900040263","040190040263","17","2"
"3681","G04001900040291","040190040291","74","9"
"3682","G04001900040292","040190040292","67","8"
"3683","G04001900040293","040190040293","75","9"
"3684","G04001900040301","040190040301","16","2"
"3685","G04001900040311","040190040311","36","4"
"3686","G04001900040312","040190040312","41","5"
"3687","G04001900040313","040190040313","35","4"
"3688","G04001900040314","040190040314","35","4"
"3689","G04001900040321","040190040321","51","7"
"3690","G04001900040322","040190040322","53","7"
"3691","G04001900040323","040190040323","55","7"
"3692","G04001900040331","040190040331","66","8"
"3693","G04001900040332","040190040332","72","9"
"3694","G04001900040341","040190040341","85","10"
"3695","G04001900040342","040190040342","74","9"
"3696","G04001900040351","040190040351","98","10"
"3697","G04001900040352","040190040352","97","10"
"3698","G04001900040353","040190040353","98","10"
"3699","G04001900040361","040190040361","68","9"
"3700","G04001900040362","040190040362","66","8"
"3701","G04001900040371","040190040371","50","7"
"3702","G04001900040372","040190040372","66","8"
"3703","G04001900040381","040190040381","57","7"
"3704","G04001900040382","040190040382","68","9"
"3705","G04001900040391","040190040391","73","9"
"3706","G04001900040392","040190040392","100","10"
"3707","G04001900040393","040190040393","93","10"
"3708","G04001900040421","040190040421","51","7"
"3709","G04001900040422","040190040422","51","7"
"3710","G04001900040423","040190040423","51","7"
"3711","G04001900040424","040190040424","51","7"
"3712","G04001900040431","040190040431","39","5"
"3713","G04001900040432","040190040432","44","6"
"3714","G04001900040441","040190040441","31","4"
"3715","G04001900040442","040190040442","26","3"
"3716","G04001900040461","040190040461","58","8"
"3717","G04001900040462","040190040462","45","6"
"3718","G04001900040463","040190040463","45","6"
"3719","G04001900040464","040190040464","43","6"
"3720","G04001900040471","040190040471","37","5"
"3721","G04001900040472","040190040472","37","5"
"3722","G04001900040481","040190040481","44","6"
"3723","G04001900040482","040190040482","49","7"
"3724","G04001900040483","040190040483","44","6"
"3725","G04001900040491","040190040491","60","8"
"3726","G04001900040492","040190040492","41","5"
"3727","G04001900040501","040190040501","21","2"
"3728","G04001900040511","040190040511","22","2"
"3729","G04001900040512","040190040512","14","1"
"3730","G04001900040513","040190040513","19","2"
"3731","G04001900040521","040190040521","25","3"
"3732","G04001900040522","040190040522","15","1"
"3733","G04001900040531","040190040531","19","2"
"3734","G04001900040532","040190040532","25","3"
"3735","G04001900040541","040190040541","23","2"
"3736","G04001900040551","040190040551","26","3"
"3737","G04001900040552","040190040552","19","2"
"3738","G04001900040561","040190040561","59","8"
"3739","G04001900040562","040190040562","46","6"
"3740","G04001900040571","040190040571","52","7"
"3741","G04001900040572","040190040572","61","8"
"3742","G04001900040573","040190040573","45","6"
"3743","G04001900040581","040190040581","65","8"
"3744","G04001900040582","040190040582","96","10"
"3745","G04001900040583","040190040583","55","7"
"3746","G04001900040611","040190040611","27","3"
"3747","G04001900040612","040190040612","61","8"
"3748","G04001900040613","040190040613","23","2"
"3749","G04001900040614","040190040614","43","6"
"3750","G04001900040621","040190040621","34","4"
"3751","G04001900040622","040190040622","35","4"
"3752","G04001900040623","040190040623","31","4"
"3753","G04001900040631","040190040631","30","3"
"3754","G04001900040632","040190040632","36","4"
"3755","G04001900040633","040190040633","31","4"
"3756","G04001900040634","040190040634","32","4"
"3757","G04001900040651","040190040651","32","4"
"3758","G04001900040652","040190040652","47","6"
"3759","G04001900040661","040190040661","43","6"
"3760","G04001900040662","040190040662","43","6"
"3761","G04001900040671","040190040671","54","7"
"3762","G04001900040672","040190040672","94","10"
"3763","G04001900040673","040190040673","81","9"
"3764","G04001900040681","040190040681","57","7"
"3765","G04001900040682","040190040682","50","7"
"3766","G04001900040683","040190040683","51","7"
"3767","G04001900040684","040190040684","55","7"
"3768","G04001900040691","040190040691","68","9"
"3769","G04001900040692","040190040692","68","9"
"3770","G04001900040693","040190040693","69","9"
"3771","G04001900040694","040190040694","71","9"
"3772","G04001900040701","040190040701","93","10"
"3773","G04001900040702","040190040702","63","8"
"3774","G04001900040711","040190040711","79","9"
"3775","G04001900040712","040190040712","49","7"
"3776","G04001900040713","040190040713","QDI","QDI"
"3777","G04001900040714","040190040714","58","8"
"3778","G04001900040721","040190040721","51","7"
"3779","G04001900040731","040190040731","43","6"
"3780","G04001900040732","040190040732","38","5"
"3781","G04001900040741","040190040741","46","6"
"3782","G04001900040751","040190040751","67","8"
"3783","G04001900040752","040190040752","99","10"
"3784","G04001900040761","040190040761","64","8"
"3785","G04001900040762","040190040762","64","8"
"3786","G04001900040763","040190040763","64","8"
"3787","G04001900040764","040190040764","64","8"
"3788","G04001900040771","040190040771","52","7"
"3789","G04001900040772","040190040772","47","6"
"3790","G04001900040781","040190040781","50","7"
"3791","G04001900040782","040190040782","63","8"
"3792","G04001900040791","040190040791","24","3"
"3793","G04001900040792","040190040792","18","2"
"3794","G04001900040801","040190040801","22","2"
"3795","G04001900040802","040190040802","11","1"
"3796","G04001900040803","040190040803","21","2"
"3797","G04001900040811","040190040811","26","3"
"3798","G04001900040812","040190040812","15","1"
"3799","G04001900040813","040190040813","23","2"
"3800","G04001900040821","040190040821","29","3"
"3801","G04001900040822","040190040822","29","3"
"3802","G04001900041091","040190041091","39","5"
"3803","G04001900041092","040190041092","27","3"
"3804","G04001900041093","040190041093","60","8"
"3805","G04001900041101","040190041101","74","9"
"3806","G04001900041102","040190041102","75","9"
"3807","G04001900041121","040190041121","76","9"
"3808","G04001900041122","040190041122","66","8"
"3809","G04001900041141","040190041141","74","9"
"3810","G04001900041142","040190041142","82","9"
"3811","G04001900041151","040190041151","94","10"
"3812","G04001900041152","040190041152","94","10"
"3813","G04001900041153","040190041153","94","10"
"3814","G04001900041154","040190041154","94","10"
"3815","G04001900041161","040190041161","69","9"
"3816","G04001900041171","040190041171","100","10"
"3817","G04001900041172","040190041172","63","8"
"3818","G04001900041173","040190041173","70","9"
"3819","G04001900041181","040190041181","58","8"
"3820","G04001900041182","040190041182","65","8"
"3821","G04001900041183","040190041183","66","8"
"3822","G04001900041221","040190041221","60","8"
"3823","G04001900041222","040190041222","64","8"
"3824","G04001900041261","040190041261","33","4"
"3825","G04001900041262","040190041262","39","5"
"3826","G04001900041263","040190041263","37","5"
"3827","G04001900041271","040190041271","38","5"
"3828","G04001900041272","040190041272","26","3"
"3829","G04001900041273","040190041273","80","9"
"3830","G04001900041281","040190041281","QDI","QDI"
"3831","G04001900041282","040190041282","37","5"
"3832","G04001900041291","040190041291","24","3"
"3833","G04001900041292","040190041292","29","3"
"3834","G04001900041293","040190041293","27","3"
"3835","G04001900041301","040190041301","25","3"
"3836","G04001900041302","040190041302","37","5"
"3837","G04001900041311","040190041311","44","6"
"3838","G04001900041312","040190041312","48","6"
"3839","G04001900041313","040190041313","65","8"
"3840","G04001900041321","040190041321","50","7"
"3841","G04001900041322","040190041322","46","6"
"3842","G04001900041331","040190041331","97","10"
"3843","G04001900041332","040190041332","99","10"
"3844","G04001900043071","040190043071","59","8"
"3845","G04001900043072","040190043072","64","8"
"3846","G04001900043073","040190043073","68","9"
"3847","G04001900043074","040190043074","65","8"
"3848","G04001900043101","040190043101","41","5"
"3849","G04001900043111","040190043111","47","6"
"3850","G04001900043112","040190043112","53","7"
"3851","G04001900043113","040190043113","55","7"
"3852","G04001900043121","040190043121","68","9"
"3853","G04001900043122","040190043122","68","9"
"3854","G04001900043123","040190043123","64","8"
"3855","G04001900043131","040190043131","75","9"
"3856","G04001900043132","040190043132","86","10"
"3857","G04001900043133","040190043133","83","10"
"3858","G04001900043134","040190043134","88","10"
"3859","G04001900043161","040190043161","80","9"
"3860","G04001900043162","040190043162","75","9"
"3861","G04001900043163","040190043163","94","10"
"3862","G04001900043171","040190043171","86","10"
"3863","G04001900043172","040190043172","59","8"
"3864","G04001900043173","040190043173","82","9"
"3865","G04001900043174","040190043174","91","10"
"3866","G04001900043201","040190043201","84","10"
"3867","G04001900043211","040190043211","64","8"
"3868","G04001900043212","040190043212","57","7"
"3869","G04001900043221","040190043221","73","9"
"3870","G04001900043222","040190043222","59","8"
"3871","G04001900043223","040190043223","51","7"
"3872","G04001900043231","040190043231","30","3"
"3873","G04001900043232","040190043232","30","3"
"3874","G04001900043241","040190043241","47","6"
"3875","G04001900043242","040190043242","60","8"
"3876","G04001900043243","040190043243","45","6"
"3877","G04001900043244","040190043244","43","6"
"3878","G04001900043251","040190043251","33","4"
"3879","G04001900043252","040190043252","39","5"
"3880","G04001900043261","040190043261","49","7"
"3881","G04001900043262","040190043262","49","7"
"3882","G04001900043263","040190043263","49","7"
"3883","G04001900043271","040190043271","30","3"
"3884","G04001900043272","040190043272","77","9"
"3885","G04001900043273","040190043273","30","3"
"3886","G04001900043274","040190043274","64","8"
"3887","G04001900043281","040190043281","55","7"
"3888","G04001900043282","040190043282","46","6"
"3889","G04001900043283","040190043283","47","6"
"3890","G04001900043284","040190043284","60","8"
"3891","G04001900043301","040190043301","52","7"
"3892","G04001900043302","040190043302","88","10"
"3893","G04001900043303","040190043303","61","8"
"3894","G04001900043321","040190043321","47","6"
"3895","G04001900043322","040190043322","58","8"
"3896","G04001900043331","040190043331","61","8"
"3897","G04001900043332","040190043332","55","7"
"3898","G04001900043351","040190043351","35","4"
"3899","G04001900043352","040190043352","59","8"
"3900","G04001900043353","040190043353","39","5"
"3901","G04001900043354","040190043354","37","5"
"3902","G04001900043361","040190043361","43","6"
"3903","G04001900043362","040190043362","36","4"
"3904","G04001900043371","040190043371","63","8"
"3905","G04001900043372","040190043372","63","8"
"3906","G04001900043381","040190043381","58","8"
"3907","G04001900043382","040190043382","40","5"
"3908","G04001900043391","040190043391","43","6"
"3909","G04001900043392","040190043392","44","6"
"3910","G04001900043393","040190043393","39","5"
"3911","G04001900043401","040190043401","50","7"
"3912","G04001900043402","040190043402","50","7"
"3913","G04001900043403","040190043403","50","7"
"3914","G04001900044041","040190044041","60","8"
"3915","G04001900044042","040190044042","89","10"
"3916","G04001900044043","040190044043","81","9"
"3917","G04001900044044","040190044044","88","10"
"3918","G04001900044071","040190044071","70","9"
"3919","G04001900044072","040190044072","73","9"
"3920","G04001900044073","040190044073","73","9"
"3921","G04001900044074","040190044074","66","8"
"3922","G04001900044121","040190044121","36","4"
"3923","G04001900044122","040190044122","57","7"
"3924","G04001900044123","040190044123","41","5"
"3925","G04001900044131","040190044131","48","6"
"3926","G04001900044132","040190044132","48","6"
"3927","G04001900044141","040190044141","58","8"
"3928","G04001900044142","040190044142","48","6"
"3929","G04001900044151","040190044151","57","7"
"3930","G04001900044181","040190044181","30","3"
"3931","G04001900044182","040190044182","27","3"
"3932","G04001900044191","040190044191","80","9"
"3933","G04001900044192","040190044192","84","10"
"3934","G04001900044193","040190044193","79","9"
"3935","G04001900044194","040190044194","80","9"
"3936","G04001900044221","040190044221","48","6"
"3937","G04001900044222","040190044222","48","6"
"3938","G04001900044223","040190044223","48","6"
"3939","G04001900044224","040190044224","48","6"
"3940","G04001900044225","040190044225","48","6"
"3941","G04001900044231","040190044231","71","9"
"3942","G04001900044232","040190044232","76","9"
"3943","G04001900044241","040190044241","74","9"
"3944","G04001900044242","040190044242","86","10"
"3945","G04001900044251","040190044251","67","8"
"3946","G04001900044252","040190044252","67","8"
"3947","G04001900044253","040190044253","67","9"
"3948","G04001900044254","040190044254","67","9"
"3949","G04001900044261","040190044261","45","6"
"3950","G04001900044262","040190044262","47","6"
"3951","G04001900044281","040190044281","11","1"
"3952","G04001900044282","040190044282","26","3"
"3953","G04001900044301","040190044301","48","6"
"3954","G04001900044311","040190044311","35","4"
"3955","G04001900044312","040190044312","35","4"
"3956","G04001900044313","040190044313","35","4"
"3957","G04001900044321","040190044321","89","10"
"3958","G04001900044322","040190044322","55","7"
"3959","G04001900044331","040190044331","34","4"
"3960","G04001900044332","040190044332","19","2"
"3961","G04001900044341","040190044341","62","8"
"3962","G04001900044342","040190044342","62","8"
"3963","G04001900044351","040190044351","73","9"
"3964","G04001900044352","040190044352","57","7"
"3965","G04001900044353","040190044353","60","8"
"3966","G04001900044361","040190044361","54","7"
"3967","G04001900044362","040190044362","32","4"
"3968","G04001900044363","040190044363","33","4"
"3969","G04001900044371","040190044371","37","5"
"3970","G04001900044381","040190044381","35","4"
"3971","G04001900044382","040190044382","45","6"
"3972","G04001900044391","040190044391","26","3"
"3973","G04001900044392","040190044392","26","3"
"3974","G04001900044401","040190044401","30","3"
"3975","G04001900044402","040190044402","29","3"
"3976","G04001900045051","040190045051","58","8"
"3977","G04001900045052","040190045052","60","8"
"3978","G04001900045053","040190045053","58","8"
"3979","G04001900045061","040190045061","96","10"
"3980","G04001900045062","040190045062","95","10"
"3981","G04001900045063","040190045063","94","10"
"3982","G04001900045081","040190045081","54","7"
"3983","G04001900045082","040190045082","58","8"
"3984","G04001900045083","040190045083","57","7"
"3985","G04001900045084","040190045084","61","8"
"3986","G04001900045101","040190045101","100","10"
"3987","G04001900045102","040190045102","70","9"
"3988","G04001900045111","040190045111","63","8"
"3989","G04001900045112","040190045112","66","8"
"3990","G04001900045113","040190045113","66","8"
"3991","G04001900045114","040190045114","66","8"
"3992","G04001900045121","040190045121","100","10"
"3993","G04001900045122","040190045122","94","10"
"3994","G04001900045123","040190045123","70","9"
"3995","G04001900045131","040190045131","100","10"
"3996","G04001900045132","040190045132","100","10"
"3997","G04001900045141","040190045141","100","10"
"3998","G04001900045142","040190045142","100","10"
"3999","G04001900045143","040190045143","100","10"
"4000","G04001900045151","040190045151","60","8"
"4001","G04001900045152","040190045152","71","9"
"4002","G04001900045153","040190045153","65","8"
"4003","G04001900046101","040190046101","49","7"
"4004","G04001900046102","040190046102","42","5"
"4005","G04001900046103","040190046103","51","7"
"4006","G04001900046131","040190046131","55","7"
"4007","G04001900046132","040190046132","100","10"
"4008","G04001900046133","040190046133","76","9"
"4009","G04001900046141","040190046141","20","2"
"4010","G04001900046142","040190046142","35","4"
"4011","G04001900046151","040190046151","30","3"
"4012","G04001900046152","040190046152","17","2"
"4013","G04001900046161","040190046161","40","5"
"4014","G04001900046162","040190046162","GQ","GQ"
"4015","G04001900046163","040190046163","23","2"
"4016","G04001900046171","040190046171","56","7"
"4017","G04001900046172","040190046172","49","7"
"4018","G04001900046181","040190046181","48","6"
"4019","G04001900046182","040190046182","57","7"
"4020","G04001900046183","040190046183","57","8"
"4021","G04001900046191","040190046191","22","2"
"4022","G04001900046192","040190046192","39","5"
"4023","G04001900046193","040190046193","76","9"
"4024","G04001900046201","040190046201","30","3"
"4025","G04001900046211","040190046211","36","4"
"4026","G04001900046212","040190046212","36","4"
"4027","G04001900046221","040190046221","30","3"
"4028","G04001900046222","040190046222","45","6"
"4029","G04001900046231","040190046231","38","5"
"4030","G04001900046232","040190046232","41","5"
"4031","G04001900046233","040190046233","32","4"
"4032","G04001900046234","040190046234","52","7"
"4033","G04001900046241","040190046241","56","7"
"4034","G04001900046242","040190046242","50","7"
"4035","G04001900046243","040190046243","49","7"
"4036","G04001900046251","040190046251","31","4"
"4037","G04001900046252","040190046252","52","7"
"4038","G04001900046261","040190046261","60","8"
"4039","G04001900046262","040190046262","62","8"
"4040","G04001900046263","040190046263","61","8"
"4041","G04001900046271","040190046271","60","8"
"4042","G04001900046272","040190046272","45","6"
"4043","G04001900046281","040190046281","32","4"
"4044","G04001900046301","040190046301","37","5"
"4045","G04001900046311","040190046311","45","6"
"4046","G04001900046312","040190046312","43","6"
"4047","G04001900046321","040190046321","32","4"
"4048","G04001900046322","040190046322","45","6"
"4049","G04001900046331","040190046331","31","4"
"4050","G04001900046332","040190046332","34","4"
"4051","G04001900046341","040190046341","14","1"
"4052","G04001900046351","040190046351","26","3"
"4053","G04001900046352","040190046352","24","3"
"4054","G04001900046353","040190046353","27","3"
"4055","G04001900046361","040190046361","28","3"
"4056","G04001900046362","040190046362","30","3"
"4057","G04001900046363","040190046363","31","4"
"4058","G04001900046364","040190046364","15","1"
"4059","G04001900046365","040190046365","15","1"
"4060","G04001900046391","040190046391","14","1"
"4061","G04001900046392","040190046392","29","3"
"4062","G04001900046393","040190046393","25","3"
"4063","G04001900046401","040190046401","6","1"
"4064","G04001900046402","040190046402","24","3"
"4065","G04001900046403","040190046403","28","3"
"4066","G04001900046404","040190046404","32","4"
"4067","G04001900046405","040190046405","21","2"
"4068","G04001900046411","040190046411","8","1"
"4069","G04001900046412","040190046412","31","4"
"4070","G04001900046421","040190046421","24","3"
"4071","G04001900046422","040190046422","22","2"
"4072","G04001900046423","040190046423","24","3"
"4073","G04001900046431","040190046431","33","4"
"4074","G04001900046432","040190046432","35","4"
"4075","G04001900046433","040190046433","37","5"
"4076","G04001900046434","040190046434","35","4"
"4077","G04001900046441","040190046441","45","6"
"4078","G04001900046451","040190046451","50","7"
"4079","G04001900046452","040190046452","50","7"
"4080","G04001900046453","040190046453","34","4"
"4081","G04001900046461","040190046461","48","6"
"4082","G04001900046462","040190046462","48","6"
"4083","G04001900046463","040190046463","48","6"
"4084","G04001900046471","040190046471","53","7"
"4085","G04001900046472","040190046472","57","8"
"4086","G04001900046473","040190046473","49","7"
"4087","G04001900046481","040190046481","36","4"
"4088","G04001900046482","040190046482","48","6"
"4089","G04001900046483","040190046483","24","3"
"4090","G04001900046491","040190046491","9","1"
"4091","G04001900046501","040190046501","24","3"
"4092","G04001900046502","040190046502","24","3"
"4093","G04001900046503","040190046503","24","3"
"4094","G04001900046504","040190046504","24","3"
"4095","G04001900046505","040190046505","24","3"
"4096","G04001900047101","040190047101","62","8"
"4097","G04001900047102","040190047102","53","7"
"4098","G04001900047103","040190047103","57","8"
"4099","G04001900047104","040190047104","54","7"
"4100","G04001900047105","040190047105","55","7"
"4101","G04001900047111","040190047111","30","3"
"4102","G04001900047112","040190047112","10","1"
"4103","G04001900047113","040190047113","4","1"
"4104","G04001900047114","040190047114","9","1"
"4105","G04001900047121","040190047121","54","7"
"4106","G04001900047122","040190047122","6","1"
"4107","G04001900047123","040190047123","11","1"
"4108","G04001900047131","040190047131","23","2"
"4109","G04001900047132","040190047132","30","3"
"4110","G04001900047133","040190047133","3","1"
"4111","G04001900047134","040190047134","3","1"
"4112","G04001900047141","040190047141","25","3"
"4113","G04001900047142","040190047142","15","1"
"4114","G04001900047143","040190047143","21","2"
"4115","G04001900047144","040190047144","7","1"
"4116","G04001900047151","040190047151","54","7"
"4117","G04001900047152","040190047152","67","9"
"4118","G04001900047153","040190047153","68","9"
"4119","G04001900047171","040190047171","8","1"
"4120","G04001900047172","040190047172","15","1"
"4121","G04001900047181","040190047181","21","2"
"4122","G04001900047182","040190047182","12","1"
"4123","G04001900047201","040190047201","25","3"
"4124","G04001900047211","040190047211","24","3"
"4125","G04001900047212","040190047212","24","3"
"4126","G04001900047213","040190047213","24","3"
"4127","G04001900047221","040190047221","22","2"
"4128","G04001900047222","040190047222","16","2"
"4129","G04001900047231","040190047231","38","5"
"4130","G04001900047232","040190047232","48","6"
"4131","G04001900047233","040190047233","37","5"
"4132","G04001900047234","040190047234","39","5"
"4133","G04001900047241","040190047241","13","1"
"4134","G04001900047242","040190047242","15","1"
"4135","G04001900047251","040190047251","37","5"
"4136","G04001900047252","040190047252","24","3"
"4137","G04001900047261","040190047261","13","1"
"4138","G04001900047262","040190047262","13","1"
"4139","G04001900047263","040190047263","11","1"
"4140","G04001900047271","040190047271","31","4"
"4141","G04001900047272","040190047272","45","6"
"4142","G04001900047281","040190047281","26","3"
"4143","G04001900047282","040190047282","34","4"
"4144","G04001900047283","040190047283","29","3"
"4145","G04001900047291","040190047291","7","1"
"4146","G04001900047292","040190047292","65","8"
"4147","G04001900047301","040190047301","7","1"
"4148","G04001900047302","040190047302","9","1"
"4149","G04001900052001","040190052001","86","10"
"4150","G04001900052002","040190052002","82","9"
"4151","G04001900052003","040190052003","86","10"
"4152","G04001900052004","040190052004","93","10"
"4153","G04001900053001","040190053001","43","6"
"4154","G04001900053002","040190053002","8","1"
"4155","G04001900054001","040190054001","33","4"
"4156","G04001900054002","040190054002","19","2"
"4157","G04001900054003","040190054003","58","8"
"4158","G04001909408001","040199408001","96","10"
"4159","G04001909408002","040199408002","96","10"
"4160","G04001909408003","040199408003","96","10"
"4161","G04001909409001","040199409001","98","10"
"4162","G04001909410001","040199410001","89","10"
"4163","G04001909410002","040199410002","59","8"
"4164","G04001909411001","040199411001","96","10"
"4165","G04001909800011","040199800011","PH","PH"
"4166","G04001909800021","040199800021","PH","PH"
"4167","G04001909801001","040199801001","GQ-PH","GQ-PH"
"4168","G04001909802001","040199802001","GQ-PH","GQ-PH"
"4169","G04001909803001","040199803001","PH","PH"
"4170","G04001909804001","040199804001","GQ-PH","GQ-PH"
"4171","G04002100002011","040210002011","29","3"
"4172","G04002100002012","040210002012","45","6"
"4173","G04002100002041","040210002041","30","3"
"4174","G04002100002042","040210002042","27","3"
"4175","G04002100002043","040210002043","30","3"
"4176","G04002100002044","040210002044","30","3"
"4177","G04002100002061","040210002061","16","2"
"4178","G04002100002062","040210002062","25","3"
"4179","G04002100002063","040210002063","26","3"
"4180","G04002100002081","040210002081","43","6"
"4181","G04002100002082","040210002082","44","6"
"4182","G04002100002111","040210002111","36","4"
"4183","G04002100002112","040210002112","39","5"
"4184","G04002100002113","040210002113","47","6"
"4185","G04002100002121","040210002121","52","7"
"4186","G04002100002122","040210002122","45","6"
"4187","G04002100002123","040210002123","46","6"
"4188","G04002100002151","040210002151","14","1"
"4189","G04002100002161","040210002161","37","5"
"4190","G04002100002162","040210002162","32","4"
"4191","G04002100002171","040210002171","28","3"
"4192","G04002100002172","040210002172","43","6"
"4193","G04002100002181","040210002181","39","5"
"4194","G04002100002182","040210002182","38","5"
"4195","G04002100002191","040210002191","34","4"
"4196","G04002100002192","040210002192","34","4"
"4197","G04002100002193","040210002193","36","4"
"4198","G04002100002201","040210002201","47","6"
"4199","G04002100002202","040210002202","28","3"
"4200","G04002100002211","040210002211","36","4"
"4201","G04002100002212","040210002212","36","4"
"4202","G04002100002221","040210002221","34","4"
"4203","G04002100002222","040210002222","31","4"
"4204","G04002100002223","040210002223","42","5"
"4205","G04002100002224","040210002224","31","4"
"4206","G04002100002231","040210002231","37","5"
"4207","G04002100002241","040210002241","35","4"
"4208","G04002100002242","040210002242","33","4"
"4209","G04002100002243","040210002243","35","4"
"4210","G04002100002251","040210002251","39","5"
"4211","G04002100002261","040210002261","39","5"
"4212","G04002100002262","040210002262","39","5"
"4213","G04002100002263","040210002263","24","3"
"4214","G04002100002271","040210002271","36","4"
"4215","G04002100002272","040210002272","33","4"
"4216","G04002100002281","040210002281","40","5"
"4217","G04002100002291","040210002291","39","5"
"4218","G04002100002292","040210002292","33","4"
"4219","G04002100003071","040210003071","27","3"
"4220","G04002100003091","040210003091","64","8"
"4221","G04002100003092","040210003092","100","10"
"4222","G04002100003101","040210003101","75","9"
"4223","G04002100003102","040210003102","69","9"
"4224","G04002100003111","040210003111","19","2"
"4225","G04002100003112","040210003112","26","3"
"4226","G04002100003121","040210003121","80","9"
"4227","G04002100003122","040210003122","99","10"
"4228","G04002100003123","040210003123","53","7"
"4229","G04002100003131","040210003131","59","8"
"4230","G04002100003132","040210003132","57","8"
"4231","G04002100003133","040210003133","78","9"
"4232","G04002100003151","040210003151","61","8"
"4233","G04002100003152","040210003152","44","6"
"4234","G04002100003153","040210003153","57","8"
"4235","G04002100003161","040210003161","14","1"
"4236","G04002100003162","040210003162","27","3"
"4237","G04002100003163","040210003163","24","3"
"4238","G04002100003164","040210003164","9","1"
"4239","G04002100003171","040210003171","100","10"
"4240","G04002100003172","040210003172","88","10"
"4241","G04002100003191","040210003191","78","9"
"4242","G04002100003201","040210003201","54","7"
"4243","G04002100003202","040210003202","54","7"
"4244","G04002100003211","040210003211","86","10"
"4245","G04002100003212","040210003212","86","10"
"4246","G04002100003213","040210003213","86","10"
"4247","G04002100003221","040210003221","56","7"
"4248","G04002100003222","040210003222","51","7"
"4249","G04002100003231","040210003231","64","8"
"4250","G04002100003232","040210003232","70","9"
"4251","G04002100003241","040210003241","48","6"
"4252","G04002100003242","040210003242","96","10"
"4253","G04002100003243","040210003243","43","6"
"4254","G04002100003251","040210003251","88","10"
"4255","G04002100003252","040210003252","52","7"
"4256","G04002100004001","040210004001","86","10"
"4257","G04002100004002","040210004002","77","9"
"4258","G04002100004003","040210004003","84","10"
"4259","G04002100004004","040210004004","91","10"
"4260","G04002100006031","040210006031","24","3"
"4261","G04002100006032","040210006032","31","4"
"4262","G04002100006041","040210006041","27","3"
"4263","G04002100006042","040210006042","26","3"
"4264","G04002100007001","040210007001","85","10"
"4265","G04002100007002","040210007002","89","10"
"4266","G04002100007003","040210007003","93","10"
"4267","G04002100008021","040210008021","43","6"
"4268","G04002100008022","040210008022","26","3"
"4269","G04002100008023","040210008023","50","7"
"4270","G04002100008041","040210008041","GQ","GQ"
"4271","G04002100008042","040210008042","83","10"
"4272","G04002100008051","040210008051","32","4"
"4273","G04002100008052","040210008052","35","4"
"4274","G04002100008053","040210008053","39","5"
"4275","G04002100008061","040210008061","40","5"
"4276","G04002100008062","040210008062","36","4"
"4277","G04002100008071","040210008071","GQ-PH","GQ-PH"
"4278","G04002100008072","040210008072","99","10"
"4279","G04002100008081","040210008081","GQ-PH","GQ-PH"
"4280","G04002100008082","040210008082","44","6"
"4281","G04002100009021","040210009021","65","8"
"4282","G04002100009031","040210009031","GQ-PH","GQ-PH"
"4283","G04002100009041","040210009041","79","9"
"4284","G04002100010001","040210010001","95","10"
"4285","G04002100010002","040210010002","61","8"
"4286","G04002100010003","040210010003","96","10"
"4287","G04002100011001","040210011001","67","9"
"4288","G04002100011002","040210011002","44","6"
"4289","G04002100011003","040210011003","85","10"
"4290","G04002100011004","040210011004","50","7"
"4291","G04002100012001","040210012001","52","7"
"4292","G04002100012002","040210012002","88","10"
"4293","G04002100013031","040210013031","15","1"
"4294","G04002100013032","040210013032","41","5"
"4295","G04002100013051","040210013051","98","10"
"4296","G04002100013052","040210013052","41","5"
"4297","G04002100013053","040210013053","77","9"
"4298","G04002100013054","040210013054","42","5"
"4299","G04002100013061","040210013061","43","6"
"4300","G04002100013062","040210013062","62","8"
"4301","G04002100013063","040210013063","49","7"
"4302","G04002100013071","040210013071","96","10"
"4303","G04002100013072","040210013072","54","7"
"4304","G04002100013073","040210013073","71","9"
"4305","G04002100013081","040210013081","91","10"
"4306","G04002100013082","040210013082","35","4"
"4307","G04002100013091","040210013091","40","5"
"4308","G04002100013092","040210013092","45","6"
"4309","G04002100013101","040210013101","47","6"
"4310","G04002100013102","040210013102","44","6"
"4311","G04002100014031","040210014031","77","9"
"4312","G04002100014032","040210014032","68","9"
"4313","G04002100014033","040210014033","72","9"
"4314","G04002100014041","040210014041","44","6"
"4315","G04002100014042","040210014042","56","7"
"4316","G04002100014051","040210014051","51","7"
"4317","G04002100014052","040210014052","69","9"
"4318","G04002100014053","040210014053","73","9"
"4319","G04002100014061","040210014061","87","10"
"4320","G04002100014062","040210014062","79","9"
"4321","G04002100014063","040210014063","PH","PH"
"4322","G04002100014064","040210014064","64","8"
"4323","G04002100014071","040210014071","98","10"
"4324","G04002100014072","040210014072","72","9"
"4325","G04002100014081","040210014081","45","6"
"4326","G04002100014082","040210014082","36","4"
"4327","G04002100015001","040210015001","87","10"
"4328","G04002100015002","040210015002","87","10"
"4329","G04002100015003","040210015003","87","10"
"4330","G04002100016001","040210016001","61","8"
"4331","G04002100016002","040210016002","58","8"
"4332","G04002100016003","040210016003","49","7"
"4333","G04002100016004","040210016004","84","10"
"4334","G04002100017011","040210017011","43","6"
"4335","G04002100017041","040210017041","42","5"
"4336","G04002100017042","040210017042","43","6"
"4337","G04002100017043","040210017043","45","6"
"4338","G04002100017051","040210017051","35","4"
"4339","G04002100017052","040210017052","34","4"
"4340","G04002100017053","040210017053","43","6"
"4341","G04002100017054","040210017054","41","5"
"4342","G04002100017055","040210017055","36","4"
"4343","G04002100017061","040210017061","45","6"
"4344","G04002100017062","040210017062","31","4"
"4345","G04002100017063","040210017063","35","4"
"4346","G04002100017071","040210017071","39","5"
"4347","G04002100017072","040210017072","35","4"
"4348","G04002100017073","040210017073","38","5"
"4349","G04002100017091","040210017091","37","5"
"4350","G04002100017092","040210017092","37","5"
"4351","G04002100017121","040210017121","40","5"
"4352","G04002100017122","040210017122","42","5"
"4353","G04002100017131","040210017131","40","5"
"4354","G04002100017141","040210017141","40","5"
"4355","G04002100017142","040210017142","42","5"
"4356","G04002100017151","040210017151","45","6"
"4357","G04002100017152","040210017152","30","3"
"4358","G04002100017153","040210017153","49","7"
"4359","G04002100017161","040210017161","39","5"
"4360","G04002100017162","040210017162","42","5"
"4361","G04002100017163","040210017163","26","3"
"4362","G04002100017171","040210017171","38","5"
"4363","G04002100019001","040210019001","95","10"
"4364","G04002100019002","040210019002","65","8"
"4365","G04002100020011","040210020011","67","9"
"4366","G04002100020012","040210020012","36","4"
"4367","G04002100020013","040210020013","71","9"
"4368","G04002100020041","040210020041","87","10"
"4369","G04002100020042","040210020042","88","10"
"4370","G04002100020051","040210020051","GQ-PH","GQ-PH"
"4371","G04002100020052","040210020052","64","8"
"4372","G04002100021041","040210021041","68","9"
"4373","G04002100021042","040210021042","60","8"
"4374","G04002100021051","040210021051","71","9"
"4375","G04002100021052","040210021052","65","8"
"4376","G04002100021053","040210021053","67","9"
"4377","G04002100021061","040210021061","45","6"
"4378","G04002100021071","040210021071","54","7"
"4379","G04002100022001","040210022001","73","9"
"4380","G04002100022002","040210022002","73","9"
"4381","G04002100022003","040210022003","73","9"
"4382","G04002100022004","040210022004","73","9"
"4383","G04002100023001","040210023001","68","9"
"4384","G04002100023002","040210023002","86","10"
"4385","G04002100023003","040210023003","85","10"
"4386","G04002100024001","040210024001","95","10"
"4387","G04002100024002","040210024002","92","10"
"4388","G04002100024003","040210024003","85","10"
"4389","G04002109412001","040219412001","88","10"
"4390","G04002109412002","040219412002","94","10"
"4391","G04002109412003","040219412003","71","9"
"4392","G04002109412004","040219412004","92","10"
"4393","G04002109413001","040219413001","95","10"
"4394","G04002109414011","040219414011","45","6"
"4395","G04002109414012","040219414012","80","9"
"4396","G04002109414013","040219414013","76","9"
"4397","G04002109414021","040219414021","75","9"
"4398","G04002309660001","040239660001","52","7"
"4399","G04002309660002","040239660002","29","3"
"4400","G04002309660003","040239660003","31","4"
"4401","G04002309661011","040239661011","52","7"
"4402","G04002309661012","040239661012","23","2"
"4403","G04002309661013","040239661013","48","6"
"4404","G04002309661031","040239661031","93","10"
"4405","G04002309661061","040239661061","66","8"
"4406","G04002309661071","040239661071","48","6"
"4407","G04002309661081","040239661081","77","9"
"4408","G04002309661082","040239661082","76","9"
"4409","G04002309661083","040239661083","76","9"
"4410","G04002309661084","040239661084","76","9"
"4411","G04002309661091","040239661091","67","9"
"4412","G04002309661092","040239661092","69","9"
"4413","G04002309661101","040239661101","60","8"
"4414","G04002309661111","040239661111","58","8"
"4415","G04002309661112","040239661112","61","8"
"4416","G04002309661113","040239661113","63","8"
"4417","G04002309662001","040239662001","62","8"
"4418","G04002309662002","040239662002","62","8"
"4419","G04002309662003","040239662003","62","8"
"4420","G04002309662004","040239662004","62","8"
"4421","G04002309663011","040239663011","33","4"
"4422","G04002309663012","040239663012","73","9"
"4423","G04002309663013","040239663013","77","9"
"4424","G04002309663014","040239663014","64","8"
"4425","G04002309663021","040239663021","86","10"
"4426","G04002309663022","040239663022","88","10"
"4427","G04002309663023","040239663023","85","10"
"4428","G04002309664011","040239664011","87","10"
"4429","G04002309664012","040239664012","94","10"
"4430","G04002309664021","040239664021","93","10"
"4431","G04002309664022","040239664022","92","10"
"4432","G04002309664023","040239664023","85","10"
"4433","G04002309664024","040239664024","84","10"
"4434","G04002500002051","040250002051","52","7"
"4435","G04002500002061","040250002061","36","4"
"4436","G04002500002062","040250002062","42","5"
"4437","G04002500002063","040250002063","36","4"
"4438","G04002500002064","040250002064","16","2"
"4439","G04002500002071","040250002071","39","5"
"4440","G04002500002081","040250002081","68","9"
"4441","G04002500002082","040250002082","73","9"
"4442","G04002500002091","040250002091","44","6"
"4443","G04002500002092","040250002092","37","5"
"4444","G04002500002093","040250002093","61","8"
"4445","G04002500002094","040250002094","41","5"
"4446","G04002500002095","040250002095","51","7"
"4447","G04002500002101","040250002101","28","3"
"4448","G04002500002111","040250002111","68","9"
"4449","G04002500002112","040250002112","32","4"
"4450","G04002500002113","040250002113","47","6"
"4451","G04002500003011","040250003011","16","2"
"4452","G04002500003012","040250003012","GQ","GQ"
"4453","G04002500003013","040250003013","33","4"
"4454","G04002500003021","040250003021","29","3"
"4455","G04002500004031","040250004031","48","6"
"4456","G04002500004041","040250004041","28","3"
"4457","G04002500004051","040250004051","18","2"
"4458","G04002500004052","040250004052","31","4"
"4459","G04002500004053","040250004053","26","3"
"4460","G04002500004061","040250004061","22","2"
"4461","G04002500004071","040250004071","12","1"
"4462","G04002500004072","040250004072","27","3"
"4463","G04002500004073","040250004073","18","2"
"4464","G04002500005011","040250005011","32","4"
"4465","G04002500005021","040250005021","27","3"
"4466","G04002500005022","040250005022","21","2"
"4467","G04002500005023","040250005023","29","3"
"4468","G04002500005024","040250005024","28","3"
"4469","G04002500006041","040250006041","42","5"
"4470","G04002500006042","040250006042","41","5"
"4471","G04002500006043","040250006043","42","5"
"4472","G04002500006081","040250006081","58","8"
"4473","G04002500006082","040250006082","35","4"
"4474","G04002500006091","040250006091","38","5"
"4475","G04002500006092","040250006092","54","7"
"4476","G04002500006093","040250006093","70","9"
"4477","G04002500006111","040250006111","61","8"
"4478","G04002500006121","040250006121","52","7"
"4479","G04002500006131","040250006131","40","5"
"4480","G04002500006132","040250006132","34","4"
"4481","G04002500006133","040250006133","27","3"
"4482","G04002500006134","040250006134","55","7"
"4483","G04002500006141","040250006141","67","9"
"4484","G04002500006151","040250006151","50","7"
"4485","G04002500006152","040250006152","35","4"
"4486","G04002500006153","040250006153","52","7"
"4487","G04002500006154","040250006154","57","8"
"4488","G04002500006161","040250006161","33","4"
"4489","G04002500006171","040250006171","72","9"
"4490","G04002500006172","040250006172","72","9"
"4491","G04002500006173","040250006173","72","9"
"4492","G04002500006181","040250006181","21","2"
"4493","G04002500006191","040250006191","40","5"
"4494","G04002500006192","040250006192","37","5"
"4495","G04002500006193","040250006193","31","4"
"4496","G04002500007011","040250007011","31","4"
"4497","G04002500007012","040250007012","39","5"
"4498","G04002500007013","040250007013","44","6"
"4499","G04002500007021","040250007021","56","7"
"4500","G04002500007022","040250007022","56","7"
"4501","G04002500008021","040250008021","38","5"
"4502","G04002500008022","040250008022","22","2"
"4503","G04002500008023","040250008023","21","2"
"4504","G04002500008024","040250008024","31","4"
"4505","G04002500008031","040250008031","24","3"
"4506","G04002500008041","040250008041","23","2"
"4507","G04002500008042","040250008042","25","3"
"4508","G04002500008043","040250008043","24","3"
"4509","G04002500009011","040250009011","16","2"
"4510","G04002500009021","040250009021","58","8"
"4511","G04002500009022","040250009022","60","8"
"4512","G04002500009023","040250009023","68","9"
"4513","G04002500010021","040250010021","31","4"
"4514","G04002500010022","040250010022","35","4"
"4515","G04002500010023","040250010023","29","3"
"4516","G04002500010031","040250010031","51","7"
"4517","G04002500010041","040250010041","29","3"
"4518","G04002500010042","040250010042","19","2"
"4519","G04002500010043","040250010043","10","1"
"4520","G04002500010044","040250010044","20","2"
"4521","G04002500011031","040250011031","20","2"
"4522","G04002500011041","040250011041","26","3"
"4523","G04002500011042","040250011042","19","2"
"4524","G04002500011043","040250011043","29","3"
"4525","G04002500011051","040250011051","16","2"
"4526","G04002500011052","040250011052","27","3"
"4527","G04002500011061","040250011061","36","4"
"4528","G04002500011062","040250011062","31","4"
"4529","G04002500011063","040250011063","41","5"
"4530","G04002500012011","040250012011","11","1"
"4531","G04002500012012","040250012012","7","1"
"4532","G04002500012021","040250012021","14","1"
"4533","G04002500012022","040250012022","18","2"
"4534","G04002500012023","040250012023","20","2"
"4535","G04002500013001","040250013001","34","4"
"4536","G04002500014011","040250014011","77","9"
"4537","G04002500014012","040250014012","66","8"
"4538","G04002500014021","040250014021","41","5"
"4539","G04002500014022","040250014022","51","7"
"4540","G04002500014023","040250014023","43","6"
"4541","G04002500014031","040250014031","62","8"
"4542","G04002500014032","040250014032","62","8"
"4543","G04002500014033","040250014033","62","8"
"4544","G04002500014034","040250014034","58","8"
"4545","G04002500015011","040250015011","24","3"
"4546","G04002500015012","040250015012","27","3"
"4547","G04002500015021","040250015021","65","8"
"4548","G04002500015022","040250015022","63","8"
"4549","G04002500015023","040250015023","88","10"
"4550","G04002500016011","040250016011","69","9"
"4551","G04002500016012","040250016012","46","6"
"4552","G04002500016013","040250016013","55","7"
"4553","G04002500016014","040250016014","42","5"
"4554","G04002500016021","040250016021","84","10"
"4555","G04002500016022","040250016022","57","8"
"4556","G04002500016023","040250016023","43","6"
"4557","G04002500016041","040250016041","40","5"
"4558","G04002500016051","040250016051","55","7"
"4559","G04002500016052","040250016052","50","7"
"4560","G04002500016053","040250016053","56","7"
"4561","G04002500017011","040250017011","37","5"
"4562","G04002500017012","040250017012","32","4"
"4563","G04002500017013","040250017013","32","4"
"4564","G04002500017031","040250017031","15","1"
"4565","G04002500017032","040250017032","18","2"
"4566","G04002500017041","040250017041","49","7"
"4567","G04002500017042","040250017042","5","1"
"4568","G04002500017051","040250017051","20","2"
"4569","G04002500017052","040250017052","17","2"
"4570","G04002500017053","040250017053","14","1"
"4571","G04002500018011","040250018011","17","2"
"4572","G04002500018012","040250018012","17","2"
"4573","G04002500018013","040250018013","36","4"
"4574","G04002500018014","040250018014","17","2"
"4575","G04002500018031","040250018031","11","1"
"4576","G04002500018032","040250018032","11","1"
"4577","G04002500018041","040250018041","9","1"
"4578","G04002500018042","040250018042","21","2"
"4579","G04002500018043","040250018043","13","1"
"4580","G04002500019011","040250019011","75","9"
"4581","G04002500019012","040250019012","48","6"
"4582","G04002500019021","040250019021","59","8"
"4583","G04002500019022","040250019022","59","8"
"4584","G04002500019023","040250019023","59","8"
"4585","G04002500019031","040250019031","30","3"
"4586","G04002500019032","040250019032","21","2"
"4587","G04002500019033","040250019033","25","3"
"4588","G04002500019041","040250019041","15","2"
"4589","G04002500019042","040250019042","30","4"
"4590","G04002500019043","040250019043","43","6"
"4591","G04002500020011","040250020011","50","7"
"4592","G04002500020012","040250020012","50","7"
"4593","G04002500020013","040250020013","50","7"
"4594","G04002500020014","040250020014","50","7"
"4595","G04002500020021","040250020021","85","10"
"4596","G04002500020022","040250020022","49","7"
"4597","G04002500020023","040250020023","47","6"
"4598","G04002500020031","040250020031","61","8"
"4599","G04002500020032","040250020032","22","2"
"4600","G04002500020033","040250020033","42","5"
"4601","G04002500020051","040250020051","25","3"
"4602","G04002500020061","040250020061","39","5"
"4603","G04002500020071","040250020071","48","6"
"4604","G04002500020072","040250020072","54","7"
"4605","G04002500020073","040250020073","36","4"
"4606","G04002500021001","040250021001","76","9"
"4607","G04002500021002","040250021002","82","9"
"4608","G04002500021003","040250021003","92","10"
"4609","G04002700001001","040270001001","87","10"
"4610","G04002700001002","040270001002","89","10"
"4611","G04002700001003","040270001003","GQ","GQ"
"4612","G04002700002001","040270002001","89","10"
"4613","G04002700002002","040270002002","77","9"
"4614","G04002700002003","040270002003","88","10"
"4615","G04002700003011","040270003011","94","10"
"4616","G04002700003012","040270003012","92","10"
"4617","G04002700003021","040270003021","87","10"
"4618","G04002700003022","040270003022","87","10"
"4619","G04002700003023","040270003023","87","10"
"4620","G04002700004021","040270004021","68","9"
"4621","G04002700004022","040270004022","77","9"
"4622","G04002700004023","040270004023","64","8"
"4623","G04002700004031","040270004031","93","10"
"4624","G04002700004041","040270004041","100","10"
"4625","G04002700004042","040270004042","100","10"
"4626","G04002700004043","040270004043","100","10"
"4627","G04002700004044","040270004044","100","10"
"4628","G04002700005011","040270005011","54","7"
"4629","G04002700005012","040270005012","57","8"
"4630","G04002700005013","040270005013","57","8"
"4631","G04002700005021","040270005021","68","9"
"4632","G04002700005022","040270005022","82","9"
"4633","G04002700005023","040270005023","98","10"
"4634","G04002700006001","040270006001","74","9"
"4635","G04002700006002","040270006002","83","10"
"4636","G04002700006003","040270006003","67","9"
"4637","G04002700006004","040270006004","77","9"
"4638","G04002700006005","040270006005","75","9"
"4639","G04002700007001","040270007001","79","9"
"4640","G04002700007002","040270007002","79","9"
"4641","G04002700007003","040270007003","79","9"
"4642","G04002700008001","040270008001","72","9"
"4643","G04002700008002","040270008002","72","9"
"4644","G04002700008003","040270008003","72","9"
"4645","G04002700008004","040270008004","72","9"
"4646","G04002700008005","040270008005","72","9"
"4647","G04002700009011","040270009011","69","9"
"4648","G04002700009012","040270009012","67","9"
"4649","G04002700009021","040270009021","66","8"
"4650","G04002700009022","040270009022","66","8"
"4651","G04002700009031","040270009031","38","5"
"4652","G04002700009032","040270009032","47","6"
"4653","G04002700009071","040270009071","71","9"
"4654","G04002700009072","040270009072","56","7"
"4655","G04002700009073","040270009073","39","5"
"4656","G04002700009074","040270009074","55","7"
"4657","G04002700009081","040270009081","23","2"
"4658","G04002700009082","040270009082","35","4"
"4659","G04002700009091","040270009091","46","6"
"4660","G04002700009092","040270009092","74","9"
"4661","G04002700009093","040270009093","46","6"
"4662","G04002700009101","040270009101","47","6"
"4663","G04002700009102","040270009102","33","4"
"4664","G04002700010011","040270010011","84","10"
"4665","G04002700010012","040270010012","87","10"
"4666","G04002700010013","040270010013","86","10"
"4667","G04002700010031","040270010031","80","9"
"4668","G04002700010041","040270010041","82","9"
"4669","G04002700010042","040270010042","82","9"
"4670","G04002700010043","040270010043","82","9"
"4671","G04002700011001","040270011001","78","9"
"4672","G04002700011002","040270011002","78","9"
"4673","G04002700011003","040270011003","84","10"
"4674","G04002700011004","040270011004","68","9"
"4675","G04002700012001","040270012001","74","9"
"4676","G04002700012002","040270012002","74","9"
"4677","G04002700012003","040270012003","65","8"
"4678","G04002700012004","040270012004","63","8"
"4679","G04002700109071","040270109071","50","7"
"4680","G04002700109072","040270109072","51","7"
"4681","G04002700109073","040270109073","41","5"
"4682","G04002700109101","040270109101","99","10"
"4683","G04002700109102","040270109102","81","9"
"4684","G04002700109111","040270109111","41","5"
"4685","G04002700109112","040270109112","50","7"
"4686","G04002700109113","040270109113","45","6"
"4687","G04002700109114","040270109114","41","5"
"4688","G04002700109131","040270109131","79","9"
"4689","G04002700109141","040270109141","47","6"
"4690","G04002700109142","040270109142","47","6"
"4691","G04002700109151","040270109151","83","10"
"4692","G04002700109152","040270109152","98","10"
"4693","G04002700109161","040270109161","100","10"
"4694","G04002700110001","040270110001","92","10"
"4695","G04002700110002","040270110002","89","10"
"4696","G04002700111071","040270111071","35","4"
"4697","G04002700111072","040270111072","37","5"
"4698","G04002700111073","040270111073","25","3"
"4699","G04002700111081","040270111081","47","6"
"4700","G04002700111082","040270111082","55","7"
"4701","G04002700111083","040270111083","58","8"
"4702","G04002700111121","040270111121","73","9"
"4703","G04002700111122","040270111122","64","8"
"4704","G04002700111123","040270111123","86","10"
"4705","G04002700111141","040270111141","85","10"
"4706","G04002700111142","040270111142","78","9"
"4707","G04002700111143","040270111143","79","9"
"4708","G04002700111161","040270111161","89","10"
"4709","G04002700111162","040270111162","92","10"
"4710","G04002700111171","040270111171","73","9"
"4711","G04002700111181","040270111181","80","9"
"4712","G04002700111191","040270111191","94","10"
"4713","G04002700111192","040270111192","86","10"
"4714","G04002700111193","040270111193","90","10"
"4715","G04002700111201","040270111201","90","10"
"4716","G04002700111202","040270111202","57","8"
"4717","G04002700111211","040270111211","54","7"
"4718","G04002700111212","040270111212","65","8"
"4719","G04002700111221","040270111221","89","10"
"4720","G04002700111222","040270111222","88","10"
"4721","G04002700111223","040270111223","89","10"
"4722","G04002700111231","040270111231","85","10"
"4723","G04002700111232","040270111232","61","8"
"4724","G04002700111241","040270111241","79","9"
"4725","G04002700111242","040270111242","65","8"
"4726","G04002700111251","040270111251","45","6"
"4727","G04002700111252","040270111252","48","6"
"4728","G04002700112021","040270112021","79","9"
"4729","G04002700112031","040270112031","99","10"
"4730","G04002700112032","040270112032","99","10"
"4731","G04002700112033","040270112033","99","10"
"4732","G04002700112041","040270112041","69","9"
"4733","G04002700112042","040270112042","98","10"
"4734","G04002700114031","040270114031","63","8"
"4735","G04002700114032","040270114032","67","9"
"4736","G04002700114033","040270114033","64","8"
"4737","G04002700114051","040270114051","74","9"
"4738","G04002700114052","040270114052","67","9"
"4739","G04002700114053","040270114053","66","8"
"4740","G04002700114071","040270114071","71","9"
"4741","G04002700114072","040270114072","68","9"
"4742","G04002700114073","040270114073","61","8"
"4743","G04002700114081","040270114081","64","8"
"4744","G04002700114082","040270114082","64","8"
"4745","G04002700115011","040270115011","80","9"
"4746","G04002700115012","040270115012","54","7"
"4747","G04002700115013","040270115013","100","10"
"4748","G04002700115014","040270115014","69","9"
"4749","G04002700115031","040270115031","70","9"
"4750","G04002700115032","040270115032","76","9"
"4751","G04002700115033","040270115033","74","9"
"4752","G04002700115051","040270115051","72","9"
"4753","G04002700115052","040270115052","63","8"
"4754","G04002700115053","040270115053","58","8"
"4755","G04002700115061","040270115061","67","9"
"4756","G04002700115062","040270115062","46","6"
"4757","G04002700116011","040270116011","81","9"
"4758","G04002700116012","040270116012","78","9"
"4759","G04002700116013","040270116013","79","9"
"4760","G04002700116021","040270116021","87","10"
"4761","G04002700116022","040270116022","83","10"
"4762","G04002700117001","040270117001","88","10"
"4763","G04002700117002","040270117002","95","10"
"4764","G04002700118011","040270118011","GQ","GQ"
"4765","G04002700118012","040270118012","42","5"
"4766","G04002700118021","040270118021","49","7"
"4767","G04002700118022","040270118022","82","9"
"4768","G04002700121001","040270121001","68","9"
"4769","G04002700121002","040270121002","71","9"
"4770","G04002709800031","040279800031","PH","PH"
"4771","G04002709800041","040279800041","PH","PH"
"4772","G04002709800051","040279800051","GQ-PH","GQ-PH"
"4773","G04002709800061","040279800061","73","9"
